acc,Key,Sample,AMIKAC_MIC,Unnamed: 3,AMOXIC_MIC,Unnamed: 5,AMOCL2_MIC,Unnamed: 7,AMOCL_MIC,Unnamed: 9,AZTREO_MIC,Unnamed: 11,CEFEP_MIC,Unnamed: 13,CEFOTA_MIC,Unnamed: 15,CEFTAZ_MIC,Unnamed: 17,CFZAVI_MIC,Unnamed: 19,CIPROF_MIC,Unnamed: 21,COLLIST_MIC,Unnamed: 23,ERTAPENEM_MIC,Unnamed: 25,FZNTAZO_MIC,Unnamed: 27,GENTAM_MIC,Unnamed: 29,IMIPENEM_MIC,Unnamed: 31,MEROPENEM_MIC,Unnamed: 33,PIPERAC_MIC,Unnamed: 35,PIPTAZO_MIC,Unnamed: 37,TEMOC_MIC,Unnamed: 39,TIGEC_MIC,Unnamed: 41,TOBRAM_MIC,Unnamed: 43,TRISUL_MIC,Unnamed: 45
SRR20168820,00/0012,00-012,≤       2,SUSC,       4,SUSC,       4,SUSC,       4,SUSC,≤     0.5,SUSC,≤     0.5,SUSC,≤     0.5,SUSC,≤     0.5,SUSC,≤     0.5,NOINTP,≤    0.06,SUSC,≤     0.5,SUSC,≤    0.12,SUSC,≤     0.5,NOINTP,≤     0.5,SUSC,≤     0.5,SUSC,≤     0.12,SUSC, ≤     2,SUSC, ≤     1,SUSC,      8,NOINTP,≤    0.25,SUSC,≤       1,SUSC,≤     0.5,SUSC
SRR20168819,00/0051,00-051,≤       2,SUSC,       4,SUSC,       4,SUSC,       4,SUSC,≤     0.5,SUSC,≤     0.5,SUSC,≤     0.5,SUSC,≤     0.5,SUSC,≤     0.5,NOINTP,≤    0.06,SUSC,       1,SUSC,≤    0.12,SUSC,≤     0.5,NOINTP,       1,SUSC,≤     0.5,SUSC,≤     0.12,SUSC, ≤     2,SUSC,       2,SUSC,       4,NOINTP,≤    0.25,SUSC,≤       1,SUSC,≤     0.5,SUSC
SRR20168652,00/0063,00-063,≤       2,SUSC, >      32,RESIST,       4,SUSC,       8,SUSC,≤     0.5,SUSC,≤     0.5,SUSC,≤     0.5,SUSC,≤     0.5,SUSC,≤     0.5,NOINTP,≤    0.06,SUSC,       1,SUSC,≤    0.12,SUSC,≤     0.5,NOINTP,≤     0.5,SUSC,≤     0.5,SUSC,"≤     0,12",SUSC,     16,INTERM,       2,SUSC,       4,NOINTP,≤    0.25,SUSC,≤       1,SUSC,≤     0.5,SUSC
SRR20168607,00/0099,00-099,       8,SUSC,       8,SUSC,       8,SUSC,       8,SUSC,≤     0.5,SUSC,≤     0.5,SUSC,≤     0.5,SUSC,≤     0.5,SUSC,≤     0.5,NOINTP,≤    0.06,SUSC,≤     0.5,SUSC,≤    0.12,SUSC,≤     0.5,NOINTP,       1,SUSC,≤     0.5,SUSC,≤     0.5,SUSC,,,       8,SUSC,       8,NOINTP,≤    0.25,SUSC,       2,SUSC,≤     0.5,SUSC
SRR20168596,00/0109,00-109,≤       2,SUSC, >      32,RESIST,      16,RESIST,       8,SUSC,≤     0.5,SUSC,≤     0.5,SUSC,≤     0.5,SUSC,≤     0.5,SUSC,≤     0.5,NOINTP,    0.12,SUSC,≤     0.5,SUSC,≤    0.12,SUSC,≤     0.5,NOINTP,≤     0.5,SUSC,≤     0.5,SUSC,≤     0.5,SUSC,,,       2,SUSC,       8,NOINTP,≤    0.25,SUSC,≤       1,SUSC,≤     0.5,SUSC
SRR20168697,00/0110,00-110,≤       2,SUSC, >      32,RESIST, >      64,RESIST,      32,RESIST,≤     0.5,SUSC,≤     0.5,SUSC,≤     0.5,SUSC,≤     0.5,SUSC,≤     0.5,NOINTP,       8,RESIST,≤     0.5,SUSC,≤    0.12,SUSC,≤     0.5,NOINTP,       1,SUSC,≤     0.5,SUSC,≤     0.5,SUSC,,,      64,RESIST,       4,NOINTP,≤    0.25,SUSC,       4,INTER, >      32,RESIST
SRR20168686,00/0138,00-138,≤       2,SUSC,       8,SUSC,       8,SUSC,       8,SUSC,≤     0.5,SUSC,≤     0.5,SUSC,≤     0.5,SUSC,≤     0.5,SUSC,≤     0.5,NOINTP,≤    0.06,SUSC,≤     0.5,SUSC,≤    0.12,SUSC,≤     0.5,NOINTP,       1,SUSC,≤     0.5,SUSC,≤     0.5,SUSC,,,       2,SUSC,      16,NOINTP,≤    0.25,SUSC,≤       1,SUSC,≤     0.5,SUSC
SRR20168647,00/0170,00-170,≤       2,SUSC, >      32,RESIST,      64,RESIST,      16,INTERM,≤     0.5,SUSC,≤     0.5,SUSC,≤     0.5,SUSC,≤     0.5,SUSC,≤     0.5,NOINTP,≤    0.06,SUSC,       1,SUSC,≤    0.12,SUSC,≤     0.5,NOINTP,       1,SUSC,≤     0.5,SUSC,≤     0.5,SUSC,,,       4,SUSC,       8,NOINTP,≤    0.25,SUSC,≤       1,SUSC,≤     0.5,SUSC
SRR20168636,00/0184,00-184,≤       2,SUSC,       8,SUSC,       8,SUSC,       8,SUSC,≤     0.5,SUSC,≤     0.5,SUSC,≤     0.5,SUSC,≤     0.5,SUSC,≤     0.5,NOINTP,≤    0.06,SUSC,≤     0.5,SUSC,≤    0.12,SUSC,≤     0.5,NOINTP,       1,SUSC,≤     0.5,SUSC,≤     0.5,SUSC,,,       2,SUSC,       8,NOINTP,≤    0.25,SUSC,≤       1,SUSC,≤     0.5,SUSC
SRR20168625,00/0191,00-191,≤       2,SUSC,       4,SUSC,       4,SUSC,       4,SUSC,≤     0.5,SUSC,≤     0.5,SUSC,≤     0.5,SUSC,≤     0.5,SUSC,≤     0.5,NOINTP,≤    0.06,SUSC, ≤      1,SUSC,≤    0.12,SUSC,≤     0.5,NOINTP,       1,SUSC,≤     0.5,SUSC,≤     0.12,SUSC, ≤    2,SUSC,       2,SUSC,       4,NOINTP,≤    0.25,SUSC,≤       1,SUSC,≤     0.5,SUSC
SRR20168818,00/0264,00-264,≤       2,SUSC, >      32,RESIST,      64,RESIST,      16,INTERM,≤     0.5,SUSC,≤     0.5,SUSC,≤     0.5,SUSC,≤     0.5,SUSC,≤     0.5,NOINTP,≤    0.06,SUSC,≤     0.5,SUSC,≤    0.12,SUSC,≤     0.5,NOINTP,≤     0.5,SUSC,≤     0.5,SUSC,≤     0.5,SUSC,,,       2,SUSC,       4,NOINTP,≤    0.25,SUSC,≤       1,SUSC, >      32,RESIST
SRR20168751,00/0293,00-293,       4,SUSC,       4,SUSC,       4,SUSC,       4,SUSC,≤     0.5,SUSC,≤     0.5,SUSC,≤     0.5,SUSC,≤     0.5,SUSC,≤     0.5,NOINTP,≤    0.06,SUSC,≤     0.5,SUSC,≤    0.12,SUSC,≤     0.5,NOINTP,≤     0.5,SUSC,≤     0.5,SUSC,≤     0.12,SUSC, ≤   2,SUSC,       2,SUSC,       4,NOINTP,≤    0.25,SUSC,≤       1,SUSC,≤     0.5,SUSC
SRR20168740,00/0311,00-311,≤       2,SUSC, >      32,RESIST,       8,SUSC,       8,SUSC,≤     0.5,SUSC,≤     0.5,SUSC,≤     0.5,SUSC,≤     0.5,SUSC,≤     0.5,NOINTP,≤    0.06,SUSC,≤     0.5,SUSC,≤    0.12,SUSC,≤     0.5,NOINTP,≤     0.5,SUSC,≤     0.5,SUSC,≤     0.5,SUSC,,,≤       1,SUSC,       4,NOINTP,≤    0.25,SUSC,≤       1,SUSC,≤     0.5,SUSC
SRR20168813,00/0329,00-329,≤       2,SUSC,       2,SUSC,       2,SUSC,       2,SUSC,≤     0.5,SUSC,≤     0.5,SUSC,≤     0.5,SUSC,≤     0.5,SUSC,≤     0.5,NOINTP,≤    0.06,SUSC,≤     0.5,SUSC,≤    0.12,SUSC,≤     0.5,NOINTP,≤     0.5,SUSC,≤     0.5,SUSC,≤     0.12,SUSC, ≤    2,SUSC,≤       1,SUSC,≤       1,NOINTP,≤    0.25,SUSC,≤       1,SUSC,≤     0.5,SUSC
SRR20168802,00/0353,00-353,       4,SUSC, >      32,RESIST,       4,SUSC,       4,SUSC,≤     0.5,SUSC,≤     0.5,SUSC,≤     0.5,SUSC,≤     0.5,SUSC,≤     0.5,NOINTP,≤    0.06,SUSC,≤     0.5,SUSC,≤    0.12,SUSC,≤     0.5,NOINTP,       1,SUSC,≤     0.5,SUSC,≤     0.12,SUSC,    32,RESIST,≤       1,SUSC,       4,NOINTP,≤    0.25,SUSC,≤       1,SUSC,       1,SUSC
SRR20168791,00/0358,00-358,≤       2,SUSC, >      32,RESIST,       8,SUSC,       8,SUSC,≤     0.5,SUSC,≤     0.5,SUSC,≤     0.5,SUSC,≤     0.5,SUSC,≤     0.5,NOINTP,≤    0.06,SUSC,       1,SUSC,≤    0.12,SUSC,≤     0.5,NOINTP,       1,SUSC,≤     0.5,SUSC,≤     0.5,SUSC,,,       2,SUSC,       8,NOINTP,≤    0.25,SUSC,≤       1,SUSC,≤     0.5,SUSC
SRR20168780,00/0370,00-370,≤       2,SUSC, >      32,RESIST,       8,SUSC,       8,SUSC,≤     0.5,SUSC,≤     0.5,SUSC,≤     0.5,SUSC,≤     0.5,SUSC,≤     0.5,NOINTP,≤    0.06,SUSC,≤     0.5,SUSC,≤    0.12,SUSC,≤     0.5,NOINTP,≤     0.5,SUSC,≤     0.5,SUSC,≤     0.5,SUSC,,,       2,SUSC,       4,NOINTP,≤    0.25,SUSC,≤       1,SUSC,≤     0.5,SUSC
SRR20168769,00/0374,00-374,       4,SUSC,       2,SUSC,       2,SUSC,       4,SUSC,≤     0.5,SUSC,≤     0.5,SUSC,≤     0.5,SUSC,≤     0.5,SUSC,≤     0.5,NOINTP,≤    0.06,SUSC,≤     0.5,SUSC,≤    0.12,SUSC,≤     0.5,NOINTP,       1,SUSC,≤     0.5,SUSC,≤     0.12,SUSC, ≤     2,SUSC,       2,SUSC,       4,NOINTP,≤    0.25,SUSC,≤       1,SUSC,≤     0.5,SUSC
SRR20168674,00/0394,00-394,≤       2,SUSC,       4,SUSC,       4,SUSC,       4,SUSC,≤     0.5,SUSC,≤     0.5,SUSC,≤     0.5,SUSC,≤     0.5,SUSC,≤     0.5,NOINTP,≤    0.06,SUSC,≤     0.5,SUSC,≤    0.12,SUSC,≤     0.5,NOINTP,≤     0.5,SUSC,≤     0.5,SUSC,≤     0.12,SUSC, ≤     2,SUSC, ≤      1,SUSC,       2,NOINTP,≤    0.25,SUSC,≤       1,SUSC,≤     0.5,SUSC
SRR20168663,00/0406,00-406,       4,SUSC, >      32,RESIST,      16,RESIST,       8,SUSC,≤     0.5,SUSC,≤     0.5,SUSC,≤     0.5,SUSC,≤     0.5,SUSC,≤     0.5,NOINTP, >      16,RESIST,≤     0.5,SUSC,≤    0.12,SUSC,≤     0.5,NOINTP,       1,SUSC,≤     0.5,SUSC,≤     0.5,SUSC,,,       4,SUSC,       8,NOINTP,≤    0.25,SUSC,       2,SUSC, >      32,RESIST
SRR20168651,00/0458,00-458,       4,SUSC,      16,RESIST,      16,RESIST,       8,SUSC,≤     0.5,SUSC,≤     0.5,SUSC,≤     0.5,SUSC,       1,SUSC,≤     0.5,NOINTP, >      16,RESIST,≤     0.5,SUSC,≤    0.12,SUSC,≤     0.5,NOINTP,       1,SUSC,≤     0.5,SUSC,≤     0.5,SUSC,,,       4,SUSC,      32,NOINTP,≤    0.25,SUSC,≤       1,SUSC, >      32,RESIST
SRR20168724,00/0506,00-506,       4,SUSC, >      32,RESIST,      16,RESIST,       8,SUSC,≤     0.5,SUSC,≤     0.5,SUSC,≤     0.5,SUSC,≤     0.5,SUSC,≤     0.5,NOINTP,≤    0.06,SUSC,≤     0.5,SUSC,≤    0.12,SUSC,≤     0.5,NOINTP,       1,SUSC,≤     0.5,SUSC,≤     0.5,SUSC,,,       2,SUSC,       4,NOINTP,≤    0.25,SUSC,≤       1,SUSC, >      32,RESIST
SRR20168713,00/0507,00-507,≤       2,SUSC, >      32,RESIST,       8,SUSC,       8,SUSC,≤     0.5,SUSC,≤     0.5,SUSC,≤     0.5,SUSC,≤     0.5,SUSC,≤     0.5,NOINTP,≤    0.06,SUSC,≤     0.5,SUSC,≤    0.12,SUSC,≤     0.5,NOINTP,       1,SUSC,≤     0.5,SUSC,≤     0.5,SUSC,,,≤       1,SUSC,       4,NOINTP,≤    0.25,SUSC,≤       1,SUSC, >      32,RESIST
SRR20168618,00/0515,00-515,≤       2,SUSC, >      32,RESIST,       8,SUSC,       8,SUSC,≤     0.5,SUSC,≤     0.5,SUSC,≤     0.5,SUSC,≤     0.5,SUSC,≤     0.5,NOINTP,≤    0.06,SUSC,≤     0.5,SUSC,≤    0.12,SUSC,≤     0.5,NOINTP,≤     0.5,SUSC,≤     0.5,SUSC,≤     0.5,SUSC,,,       2,SUSC,       4,NOINTP,≤    0.25,SUSC,≤       1,SUSC,≤     0.5,SUSC
SRR20168613,00/0525,00-525,≤       2,SUSC,       8,SUSC,       8,SUSC,       8,SUSC,≤     0.5,SUSC,≤     0.5,SUSC,≤     0.5,SUSC,≤     0.5,SUSC,≤     0.5,NOINTP,≤    0.06,SUSC,≤     0.5,SUSC,≤    0.12,SUSC,≤     0.5,NOINTP,       1,SUSC,≤     0.5,SUSC,≤     0.12,SUSC,≤    2,SUSC,       2,SUSC,       8,NOINTP,≤    0.25,SUSC,≤       1,SUSC,≤     0.5,SUSC
SRR20168612,00/0527,00-527,≤       2,SUSC, >      32,RESIST, >      64,RESIST,      32,RESIST,≤     0.5,SUSC,       1,SUSC,≤     0.5,SUSC,≤     0.5,SUSC,≤     0.5,NOINTP,≤    0.06,SUSC,≤     0.5,SUSC,≤    0.12,SUSC,≤     0.5,NOINTP,       1,SUSC,≤     0.5,SUSC,≤     0.5,SUSC,,,      32,RESIST,      16,NOINTP,≤    0.25,SUSC,≤       1,SUSC,≤     0.5,SUSC
SRR20168611,00/0529,00-529,≤       2,SUSC,      32,RESIST,      32,RESIST,      16,INTERM,≤     0.5,SUSC,≤     0.5,SUSC,≤     0.5,SUSC,       1,SUSC,≤     0.5,NOINTP,≤    0.06,SUSC,       1,SUSC,≤    0.12,SUSC,       1,NOINTP,       1,SUSC,≤     0.5,SUSC,≤     0.5,SUSC,,,       8,SUSC,      16,NOINTP,≤    0.25,SUSC,≤       1,SUSC,≤     0.5,SUSC
SRR20168610,00/0559,00-559,≤       2,SUSC, >      32,RESIST,      16,RESIST,       8,SUSC,≤     0.5,SUSC,≤     0.5,SUSC,≤     0.5,SUSC,≤     0.5,SUSC,≤     0.5,NOINTP,≤    0.06,SUSC,≤     0.5,SUSC,≤    0.12,SUSC,≤     0.5,NOINTP,       1,SUSC,≤     0.5,SUSC,≤     0.5,SUSC,,,       2,SUSC,      16,NOINTP,≤    0.25,SUSC,≤       1,SUSC, >      32,RESIST
SRR20168609,00/0598,00-598,       4,SUSC, >      32,RESIST,       8,SUSC,       8,SUSC,≤     0.5,SUSC,≤     0.5,SUSC,≤     0.5,SUSC,≤     0.5,SUSC,≤     0.5,NOINTP,≤    0.06,SUSC,≤     0.5,SUSC,≤    0.12,SUSC,≤     0.5,NOINTP,       1,SUSC,≤     0.5,SUSC,≤     0.5,SUSC,,,       2,SUSC,       4,NOINTP,≤    0.25,SUSC,≤       1,SUSC,≤     0.5,SUSC
SRR20168608,00/0608,00-608,≤       2,SUSC, >      32,RESIST,       8,SUSC,       8,SUSC,≤     0.5,SUSC,≤     0.5,SUSC,≤     0.5,SUSC,≤     0.5,SUSC,≤     0.5,NOINTP,≤    0.06,SUSC,≤     0.5,SUSC,≤    0.12,SUSC,≤     0.5,NOINTP,       1,SUSC,≤     0.5,SUSC,≤     0.5,SUSC,,,≤       1,SUSC,       8,NOINTP,≤    0.25,SUSC,≤       1,SUSC,≤     0.5,SUSC
SRR20168606,00/0621,00-621,≤       2,SUSC, >      32,RESIST,      16,RESIST,       8,SUSC,≤     0.5,SUSC,≤     0.5,SUSC,≤     0.5,SUSC,≤     0.5,SUSC,≤     0.5,NOINTP,≤    0.06,SUSC,≤     0.5,SUSC,≤    0.12,SUSC,≤     0.5,NOINTP,≤     0.5,SUSC,≤     0.5,SUSC,≤     0.5,SUSC,,,       4,SUSC,      16,NOINTP,≤    0.25,SUSC,≤       1,SUSC, >      32,RESIST
SRR20168605,00/0648,00-648,       4,SUSC, >      32,RESIST,       8,SUSC,       8,SUSC,≤     0.5,SUSC,≤     0.5,SUSC,≤     0.5,SUSC,≤     0.5,SUSC,≤     0.5,NOINTP,≤    0.06,SUSC,       1,SUSC,≤    0.12,SUSC,≤     0.5,NOINTP,       1,SUSC,≤     0.5,SUSC,≤     0.5,SUSC,,,       2,SUSC,       8,NOINTP,≤    0.25,SUSC,≤       1,SUSC, >      32,RESIST
SRR20168604,00/0656,00-656,≤       2,SUSC, >      32,RESIST,      16,RESIST,       8,SUSC,≤     0.5,SUSC,≤     0.5,SUSC,≤     0.5,SUSC,≤     0.5,SUSC,≤     0.5,NOINTP,≤    0.06,SUSC,≤     0.5,SUSC,≤    0.12,SUSC,≤     0.5,NOINTP,       1,SUSC,≤     0.5,SUSC,≤     0.5,SUSC,,,≤       1,SUSC,       4,NOINTP,≤    0.25,SUSC,≤       1,SUSC,≤     0.5,SUSC
SRR20168603,00/0658,00-658,≤       2,SUSC,       4,SUSC,       4,SUSC,       4,SUSC,≤     0.5,SUSC,≤     0.5,SUSC,≤     0.5,SUSC,≤     0.5,SUSC,≤     0.5,NOINTP,≤    0.06,SUSC,≤     0.5,SUSC,≤    0.12,SUSC,≤     0.5,NOINTP,       1,SUSC,≤     0.5,SUSC,≤     0.12,SUSC, ≤    2,SUSC,≤       1,SUSC, ≤     2,NOINTP,≤    0.25,SUSC,≤       1,SUSC,≤     0.5,SUSC
SRR20168602,05/0027,05-0027,       4,SUSC, >      32,RESIST,      32,RESIST,      16,INTERM,≤     0.5,SUSC,≤     0.5,SUSC,≤     0.5,SUSC,≤     0.5,SUSC,≤     0.5,NOINTP, >      16,RESIST,≤     0.5,SUSC,≤    0.12,SUSC,≤     0.5,NOINTP,       2,SUSC,≤     0.5,SUSC,≤     0.5,SUSC,,,       4,SUSC,      32,NOINTP,≤    0.25,SUSC,       2,SUSC, >      32,RESIST
SRR20168601,05/0062,05-0062,≤       2,SUSC,       4,SUSC,       4,SUSC,       4,SUSC,≤     0.5,SUSC,≤     0.5,SUSC,≤     0.5,SUSC,≤     0.5,SUSC,≤     0.5,NOINTP,≤    0.06,SUSC, ≤      1,SUSC,≤    0.12,SUSC,≤     0.5,NOINTP,       1,SUSC,≤     0.5,SUSC,≤     0.12,SUSC, ≤    2,SUSC,≤       1,SUSC,       4,NOINTP,≤    0.25,SUSC,≤       1,SUSC,≤     0.5,SUSC
SRR20168600,05/0134,05-0134,≤       2,SUSC, >      32,RESIST,       8,SUSC,       8,SUSC,≤     0.5,SUSC,≤     0.5,SUSC,≤     0.5,SUSC,≤     0.5,SUSC,≤     0.5,NOINTP,≤    0.06,SUSC,≤     0.5,SUSC,≤    0.12,SUSC,≤     0.5,NOINTP,       1,SUSC,≤     0.5,SUSC,≤     0.5,SUSC,,,≤       1,SUSC,       4,NOINTP,≤    0.25,SUSC,≤       1,SUSC, >      32,RESIST
SRR20168599,05/0311,05-0311,≤       2,SUSC, >      32,RESIST,      32,RESIST,      16,INTERM,≤     0.5,SUSC,≤     0.5,SUSC,≤     0.5,SUSC,≤     0.5,SUSC,≤     0.5,NOINTP,≤    0.06,SUSC,≤     0.5,SUSC,≤    0.12,SUSC,≤     0.5,NOINTP,       1,SUSC,≤     0.5,SUSC,≤     0.5,SUSC,,,       2,SUSC,       4,NOINTP,≤    0.25,SUSC,≤       1,SUSC,≤     0.5,SUSC
SRR20168598,05/0366,05-0366,≤       2,SUSC,       2,SUSC,       2,SUSC,       2,SUSC,≤     0.5,SUSC,≤     0.5,SUSC,≤     0.5,SUSC,≤     0.5,SUSC,≤     0.5,NOINTP,≤    0.06,SUSC,       1,SUSC,≤    0.12,SUSC,≤     0.5,NOINTP,       1,SUSC,≤     0.5,SUSC,≤     0.12,SUSC, ≤    2,SUSC,≤       1,SUSC,       4,NOINTP,≤    0.25,SUSC,≤       1,SUSC,≤     0.5,SUSC
SRR20168597,05/0449,05-0449,≤       2,SUSC,       4,SUSC,       4,SUSC,       4,SUSC,≤     0.5,SUSC,≤     0.5,SUSC,≤     0.5,SUSC,≤     0.5,SUSC,≤     0.5,NOINTP,≤    0.06,SUSC,     0.5,SUSC,≤    0.12,SUSC,≤     0.5,NOINTP,       2,SUSC,≤     0.5,SUSC,≤     0.12,SUSC, ≤    2,SUSC,≤       1,SUSC,       4,NOINTP,≤    0.25,SUSC,≤       1,SUSC,≤     0.5,SUSC
SRR20168595,05/0525,05-0525,       4,SUSC,       4,SUSC,       4,SUSC,       4,SUSC,≤     0.5,SUSC,≤     0.5,SUSC,≤     0.5,SUSC,≤     0.5,SUSC,≤     0.5,NOINTP,≤    0.06,SUSC,≤     0.5,SUSC,≤    0.12,SUSC,≤     0.5,NOINTP,       1,SUSC,≤     0.5,SUSC,≤     0.12,SUSC, ≤    2,SUSC,≤       1,SUSC,       4,NOINTP,≤    0.25,SUSC,≤       1,SUSC,≤     0.5,SUSC
SRR20168594,05/0541,05-0541,≤       2,SUSC, >      32,RESIST,       8,SUSC,       8,SUSC,≤     0.5,SUSC,≤     0.5,SUSC,≤     0.5,SUSC,≤     0.5,SUSC,≤     0.5,NOINTP,≤    0.06,SUSC,≤     0.5,SUSC,≤    0.12,SUSC,≤     0.5,NOINTP,≤     0.5,SUSC,≤     0.5,SUSC,≤     0.5,SUSC,,,       2,SUSC,       8,NOINTP,≤    0.25,SUSC,≤       1,SUSC,≤     0.5,SUSC
SRR20168705,05/0570,05-0570,       4,SUSC, >      32,RESIST,       8,SUSC,       8,SUSC,≤     0.5,SUSC,≤     0.5,SUSC,≤     0.5,SUSC,≤     0.5,SUSC,≤     0.5,NOINTP,≤    0.06,SUSC,≤     0.5,SUSC,≤    0.12,SUSC,≤     0.5,NOINTP,       1,SUSC,≤     0.5,SUSC,≤     0.5,SUSC,,,≤       1,SUSC,       8,NOINTP,≤    0.25,SUSC,≤       1,SUSC,≤     0.5,SUSC
SRR20168704,05/0643,05-0643,       4,SUSC,       4,SUSC,       4,SUSC,       4,SUSC,≤     0.5,SUSC,≤     0.5,SUSC,≤     0.5,SUSC,≤     0.5,SUSC,≤     0.5,NOINTP,≤    0.06,SUSC,≤     0.5,SUSC,≤    0.12,SUSC,≤     0.5,NOINTP,       1,SUSC,≤     0.5,SUSC,≤     0.12,SUSC, ≤    2,SUSC,≤       1,SUSC,       4,NOINTP,≤    0.25,SUSC,≤       1,SUSC,≤     0.5,SUSC
SRR20168703,05/0645,05-0645,≤       2,SUSC,       4,SUSC,       4,SUSC,       4,SUSC,≤     0.5,SUSC,≤     0.5,SUSC,≤     0.5,SUSC,≤     0.5,SUSC,≤     0.5,NOINTP,≤    0.06,SUSC,≤     0.5,SUSC,≤    0.12,SUSC,≤     0.5,NOINTP,≤     0.5,SUSC,≤     0.5,SUSC,≤     0.12,SUSC, ≤    2,SUSC,       2,SUSC,       4,NOINTP,≤    0.25,SUSC,≤       1,SUSC,≤     0.5,SUSC
SRR20168702,05/0674,05-0674,≤       2,SUSC,       4,SUSC,       4,SUSC,       4,SUSC,≤     0.5,SUSC,≤     0.5,SUSC,≤     0.5,SUSC,≤     0.5,SUSC,≤     0.5,NOINTP,≤    0.06,SUSC,≤     0.5,SUSC,≤    0.12,SUSC,≤     0.5,NOINTP,       1,SUSC,≤     0.5,SUSC,≤     0.12,SUSC, ≤    2,SUSC,≤       1,SUSC,       4,NOINTP,≤    0.25,SUSC,≤       1,SUSC,≤     0.5,SUSC
SRR20168701,05/0955,05-0955,≤       2,SUSC, >      32,RESIST, >      64,RESIST,      32,RESIST,≤     0.5,SUSC,       1,SUSC,≤     0.5,SUSC,≤     0.5,SUSC,≤     0.5,NOINTP,≤    0.06,SUSC,≤     0.5,SUSC,≤    0.12,SUSC,≤     0.5,NOINTP,≤     0.5,SUSC,≤     0.5,SUSC,≤     0.5,SUSC,,,      32,RESIST,       8,NOINTP,≤    0.25,SUSC,≤       1,SUSC,≤     0.5,SUSC
SRR20168700,05/0957,05-0957,≤       2,SUSC,       4,SUSC,       4,SUSC,       4,SUSC,≤     0.5,SUSC,≤     0.5,SUSC,≤     0.5,SUSC,≤     0.5,SUSC,≤     0.5,NOINTP,≤    0.06,SUSC,       1,SUSC,≤    0.12,SUSC,≤     0.5,NOINTP,≤     0.5,SUSC,≤     0.5,SUSC,≤     0.5,SUSC, ≤    2,SUSC,≤       1,SUSC,       2,NOINTP,≤    0.25,SUSC,≤       1,SUSC,≤     0.5,SUSC
SRR20168699,05/0991,05-0991,≤       2,SUSC, >      32,RESIST,      64,RESIST,      32,RESIST,≤     0.5,SUSC,≤     0.5,SUSC,≤     0.5,SUSC,≤     0.5,SUSC,≤     0.5,NOINTP,≤    0.06,SUSC,≤     0.5,SUSC,≤    0.12,SUSC,≤     0.5,NOINTP,≤     0.5,SUSC,≤     0.5,SUSC,≤     0.5,SUSC,,,       2,SUSC,       4,NOINTP,≤    0.25,SUSC,≤       1,SUSC, >      32,RESIST
SRR20168698,05/1051,05-1051,       4,SUSC,       4,SUSC,       4,SUSC,       4,SUSC,≤     0.5,SUSC,≤     0.5,SUSC,≤     0.5,SUSC,≤     0.5,SUSC,≤     0.5,NOINTP,≤    0.06,SUSC,≤     0.5,SUSC,≤    0.12,SUSC,≤     0.5,NOINTP,       1,SUSC,≤     0.5,SUSC,≤     0.12,SUSC, ≤    2,SUSC,       2,SUSC,       4,NOINTP,≤    0.25,SUSC,≤       1,SUSC,≤     0.5,SUSC
SRR20168696,05/1189,05-1189,≤       2,SUSC,       4,SUSC,       4,SUSC,       4,SUSC,≤     0.5,SUSC,≤     0.5,SUSC,≤     0.5,SUSC,≤     0.5,SUSC,≤     0.5,NOINTP,≤    0.06,SUSC,≤     0.5,SUSC,≤    0.12,SUSC,≤     0.5,NOINTP,≤     0.5,SUSC,≤     0.5,SUSC,≤     0.12,SUSC, ≤    2,SUSC,       2,SUSC,       8,NOINTP,≤    0.25,SUSC,≤       1,SUSC,≤     0.5,SUSC
SRR20168695,05/1200,05-1200,≤       2,SUSC,       4,SUSC,       4,SUSC,       8,SUSC,≤     0.5,SUSC,≤     0.5,SUSC,≤     0.5,SUSC,≤     0.5,SUSC,≤     0.5,NOINTP,≤    0.06,SUSC,≤     0.5,SUSC,≤    0.12,SUSC,≤     0.5,NOINTP,≤     0.5,SUSC,≤     0.5,SUSC,≤     0.12,SUSC, ≤    2,SUSC,       2,SUSC,       4,NOINTP,≤    0.25,SUSC,≤       1,SUSC,≤     0.5,SUSC
SRR20168694,05/1259,05-1259,≤       2,SUSC, >      32,RESIST,      16,RESIST,      16,INTERM,≤     0.5,SUSC,≤     0.5,SUSC,≤     0.5,SUSC,≤     0.5,SUSC,≤     0.5,NOINTP,    0.25,SUSC,≤     0.5,SUSC,≤    0.12,SUSC,≤     0.5,NOINTP,       1,SUSC,≤     0.5,SUSC,≤     0.5,SUSC,,,       2,SUSC,       8,NOINTP,≤    0.25,SUSC,≤       1,SUSC,       2,SUSC
SRR20168693,05/1260,05-1260,≤       2,SUSC,       8,SUSC,       4,SUSC,       4,SUSC,≤     0.5,SUSC,≤     0.5,SUSC,≤     0.5,SUSC,≤     0.5,SUSC,≤     0.5,NOINTP,≤    0.06,SUSC,≤     0.5,SUSC,≤    0.12,SUSC,≤     0.5,NOINTP,       1,SUSC,≤     0.5,SUSC,≤     0.12,SUSC, ≤    2,SUSC,       2,SUSC,       8,NOINTP,≤    0.25,SUSC,≤       1,SUSC,≤     0.5,SUSC
SRR20168692,05/1276,05-1276,≤       2,SUSC,       4,SUSC,       4,SUSC,       8,SUSC,≤     0.5,SUSC,≤     0.5,SUSC,≤     0.5,SUSC,≤     0.5,SUSC,≤     0.5,NOINTP,≤    0.06,SUSC,≤     0.5,SUSC,≤    0.12,SUSC,≤     0.5,NOINTP,       1,SUSC,≤     0.5,SUSC,≤     0.12,SUSC, ≤    2,SUSC,       2,SUSC,       4,NOINTP,≤    0.25,SUSC,≤       1,SUSC,≤     0.5,SUSC
SRR20168691,05/1353,05-1353,       4,SUSC, >      32,RESIST,       8,SUSC,       8,SUSC,≤     0.5,SUSC,≤     0.5,SUSC,≤     0.5,SUSC,≤     0.5,SUSC,≤     0.5,NOINTP,≤    0.06,SUSC,≤     0.5,SUSC,≤    0.12,SUSC,≤     0.5,NOINTP,       1,SUSC,≤     0.5,SUSC,≤     0.5,SUSC,,,       2,SUSC,       8,NOINTP,≤    0.25,SUSC,≤       1,SUSC, >      32,RESIST
SRR20168690,05/1455,05-1455,       8,SUSC, >      32,RESIST,      16,RESIST,       8,SUSC,≤     0.5,SUSC,≤     0.5,SUSC,≤     0.5,SUSC,≤     0.5,SUSC,≤     0.5,NOINTP,≤    0.06,SUSC,       1,SUSC,≤    0.12,SUSC,≤     0.5,NOINTP,       2,SUSC,≤     0.5,SUSC,≤     0.5,SUSC,,,       2,SUSC,       4,NOINTP,≤    0.25,SUSC,≤       1,SUSC, >      32,RESIST
SRR20168689,05/1467,05-1467,≤       2,SUSC, >      32,RESIST, >      64,RESIST,      32,RESIST,≤     0.5,SUSC,≤     0.5,SUSC,≤     0.5,SUSC,≤     0.5,SUSC,≤     0.5,NOINTP, >      16,RESIST,≤     0.5,SUSC,≤    0.12,SUSC,≤     0.5,NOINTP, >       8,RESIST,≤     0.5,SUSC,≤     0.5,SUSC,,,       8,SUSC,       4,NOINTP,≤    0.25,SUSC,      16,RESIST,≤     0.5,SUSC
SRR20168688,05/1533,05-1533,       4,SUSC,       8,SUSC,       4,SUSC,       4,SUSC,≤     0.5,SUSC,≤     0.5,SUSC,≤     0.5,SUSC,≤     0.5,SUSC,≤     0.5,NOINTP,≤    0.06,SUSC,       1,SUSC,≤    0.12,SUSC,≤     0.5,NOINTP,≤     0.5,SUSC,≤     0.5,SUSC,≤     0.12,SUSC, ≤    2,SUSC,       2,SUSC,       8,NOINTP,≤    0.25,SUSC,≤       1,SUSC,≤     0.5,SUSC
SRR20168687,05/1534,05-1534,≤       2,SUSC, >      32,RESIST,      16,RESIST,       8,SUSC,≤     0.5,SUSC,≤     0.5,SUSC,≤     0.5,SUSC,≤     0.5,SUSC,≤     0.5,NOINTP,    0.25,SUSC,≤     0.5,SUSC,≤    0.12,SUSC,≤     0.5,NOINTP,≤     0.5,SUSC,≤     0.5,SUSC,≤     0.5,SUSC,,,       2,SUSC,       4,NOINTP,≤    0.25,SUSC,≤       1,SUSC, >      32,RESIST
SRR20168685,05/1549,05-1549,≤       2,SUSC, >      32,RESIST,       8,SUSC,       8,SUSC,≤     0.5,SUSC,≤     0.5,SUSC,≤     0.5,SUSC,≤     0.5,SUSC,≤     0.5,NOINTP,≤    0.06,SUSC,≤     0.5,SUSC,≤    0.12,SUSC,≤     0.5,NOINTP,≤     0.5,SUSC,≤     0.5,SUSC,≤     0.5,SUSC,,,≤       1,SUSC,       4,NOINTP,≤    0.25,SUSC,≤       1,SUSC, >      32,RESIST
SRR20168684,05/1581,05-1581,      16,INTER, >      32,RESIST, >      64,RESIST,      32,RESIST,≤     0.5,SUSC,       1,SUSC,≤     0.5,SUSC,       1,SUSC,≤     0.5,NOINTP,       8,RESIST,≤     0.5,SUSC,≤    0.12,SUSC,≤     0.5,NOINTP,       4,INTER,≤     0.5,SUSC,≤     0.5,SUSC,,, >      64,RESIST,      16,NOINTP,     0.5,SUSC,       4,INTER,≤     0.5,SUSC
SRR20168683,05/1584,05-1584,≤       2,SUSC, >      32,RESIST,      64,RESIST,      16,INTERM,≤     0.5,SUSC,≤     0.5,SUSC,≤     0.5,SUSC,≤     0.5,SUSC,≤     0.5,NOINTP, >      16,RESIST,≤     0.5,SUSC,≤    0.12,SUSC,≤     0.5,NOINTP,       1,SUSC,≤     0.5,SUSC,≤     0.5,SUSC,,,       2,SUSC,       4,NOINTP,≤    0.25,SUSC,       2,SUSC, >      32,RESIST
SRR20168682,05/1602,05-1602,       4,SUSC,       4,SUSC,       4,SUSC,       4,SUSC,≤     0.5,SUSC,≤     0.5,SUSC,≤     0.5,SUSC,≤     0.5,SUSC,≤     0.5,NOINTP,    0.25,SUSC,≤     0.5,SUSC,≤    0.12,SUSC,≤     0.5,NOINTP,       1,SUSC,≤     0.5,SUSC,≤     0.12,SUSC, ≤    2,SUSC,≤       1,SUSC,       4,NOINTP,≤    0.25,SUSC,≤       1,SUSC, >      32,RESIST
SRR20168681,05/1603,05-1603,       8,SUSC, >      32,RESIST,      64,RESIST,      16,INTERM,≤     0.5,SUSC,       1,SUSC,≤     0.5,SUSC,≤     0.5,SUSC,≤     0.5,NOINTP,       8,RESIST,       1,SUSC,≤    0.12,SUSC,≤     0.5,NOINTP,       4,INTER,≤     0.5,SUSC,≤     0.5,SUSC,,,      16,INTER,       8,NOINTP,≤    0.25,SUSC,       2,SUSC,       1,SUSC
SRR20168680,05/1671,05-1671,≤       2,SUSC, >      32,RESIST, >      64,RESIST,      32,RESIST,      16,RESIST,≤     0.5,SUSC,       8,RESIST,      16,RESIST,≤     0.5,NOINTP,    0.25,SUSC,≤     0.5,SUSC,≤    0.12,SUSC,≤     0.5,NOINTP,       1,SUSC,≤     0.5,SUSC,≤     0.5,SUSC,,,      32,RESIST,       8,NOINTP,≤    0.25,SUSC,≤       1,SUSC,≤     0.5,SUSC
SRR20168679,05/1680,05-1680,≤       2,SUSC, >      32,RESIST,       4,SUSC,       8,SUSC,       2,INTER,≤     0.5,SUSC,       4,RESIST,      16,RESIST,≤     0.5,NOINTP,       8,RESIST,     0.5,SUSC,≤    0.12,SUSC,≤     0.5,NOINTP,       1,SUSC,≤     0.5,SUSC,≤     0.12,SUSC, >    32,RESIST,       2,SUSC,       8,NOINTP,≤    0.25,SUSC,≤       1,SUSC,       1,SUSC
SRR20168678,10/0009,10-0009,≤       2,SUSC, >      32,RESIST,       8,SUSC,       8,SUSC,≤     0.5,SUSC,≤     0.5,SUSC,≤     0.5,SUSC,≤     0.5,SUSC,≤     0.5,NOINTP,≤    0.06,SUSC,       1,SUSC,≤    0.12,SUSC,≤     0.5,NOINTP,≤     0.5,SUSC,≤     0.5,SUSC,≤     0.5,SUSC,,,≤       1,SUSC,       4,NOINTP,     0.5,SUSC,≤       1,SUSC, >      32,RESIST
SRR20168649,10/0175,10-0175,≤       2,SUSC, >      32,RESIST,       8,SUSC,       8,SUSC,≤     0.5,SUSC,≤     0.5,SUSC,≤     0.5,SUSC,≤     0.5,SUSC,≤     0.5,NOINTP,≤    0.06,SUSC,≤     0.5,SUSC,≤    0.12,SUSC,≤     0.5,NOINTP,≤     0.5,SUSC,≤     0.5,SUSC,≤     0.5,SUSC,,,≤       1,SUSC,       4,NOINTP,     0.5,SUSC,≤       1,SUSC, >      32,RESIST
SRR20168648,10/0243,10-0243,≤       2,SUSC, >      32,RESIST,      32,RESIST,      16,INTERM,≤     0.5,SUSC,≤     0.5,SUSC,≤     0.5,SUSC,≤     0.5,SUSC,≤     0.5,NOINTP,    0.25,SUSC,≤     0.5,SUSC,≤    0.12,SUSC,≤     0.5,NOINTP, >       8,RESIST,≤     0.5,SUSC,≤     0.5,SUSC,,,       2,SUSC,       8,NOINTP,≤    0.25,SUSC,       8,RESIST, >      32,RESIST
SRR20168646,10/0253,10-0253,≤       2,SUSC, >      32,RESIST,       8,SUSC,       8,SUSC,≤     0.5,SUSC,≤     0.5,SUSC,≤     0.5,SUSC,≤     0.5,SUSC,≤     0.5,NOINTP,≤    0.06,SUSC,≤     0.5,SUSC,≤    0.12,SUSC,≤     0.5,NOINTP,≤     0.5,SUSC,≤     0.5,SUSC,≤     0.5,SUSC,,,≤       1,SUSC,       4,NOINTP,≤    0.25,SUSC,≤       1,SUSC,≤     0.5,SUSC
SRR20168645,10/0337,10-0337,≤       2,SUSC, >      32,RESIST,      64,RESIST,      16,INTERM,≤     0.5,SUSC,≤     0.5,SUSC,≤     0.5,SUSC,≤     0.5,SUSC,≤     0.5,NOINTP, >      16,RESIST,≤     0.5,SUSC,≤    0.12,SUSC,≤     0.5,NOINTP,≤     0.5,SUSC,≤     0.5,SUSC,≤     0.5,SUSC,,,      32,RESIST,       8,NOINTP,     0.5,SUSC,≤       1,SUSC, >      32,RESIST
SRR20168644,10/0391,10-0391,≤       2,SUSC,       4,SUSC,       4,SUSC,       4,SUSC,≤     0.5,SUSC,≤     0.5,SUSC,≤     0.5,SUSC,≤     0.5,SUSC,≤     0.5,NOINTP,≤    0.06,SUSC,      0.5,SUSC,≤    0.12,SUSC,≤     0.5,NOINTP,≤     0.5,SUSC,≤     0.5,SUSC,≤     0.12,SUSC, ≤    2,SUSC,≤       1,SUSC,       4,NOINTP,≤    0.25,SUSC,≤       1,SUSC,≤     0.5,SUSC
SRR20168643,10/0455,10-0455,≤       2,SUSC,       4,SUSC,       4,SUSC,       4,SUSC,≤     0.5,SUSC,≤     0.5,SUSC,≤     0.5,SUSC,≤     0.5,SUSC,≤     0.5,NOINTP,≤    0.06,SUSC,≤     0.5,SUSC,≤    0.12,SUSC,≤     0.5,NOINTP,≤     0.5,SUSC,≤     0.5,SUSC,≤     0.5,SUSC,,,≤       1,SUSC,       4,NOINTP,     0.5,SUSC,≤       1,SUSC,≤     0.5,SUSC
SRR20168642,10/0462,10-0462,≤       2,SUSC, >      32,RESIST, >      64,RESIST,      32,RESIST,≤     0.5,SUSC,      16,RESIST,       2,INTER,≤     0.5,SUSC,≤     0.5,NOINTP,     0.5,SUSC,≤     0.5,SUSC,≤    0.12,SUSC,≤     0.5,NOINTP, >       8,RESIST,≤     0.5,SUSC,≤     0.5,SUSC,,, >      64,RESIST,       8,NOINTP,     0.5,SUSC,       4,INTER, >      32,RESIST
SRR20168641,10/0469,10-0469,≤       2,SUSC,       4,SUSC,       4,SUSC,       4,SUSC,≤     0.5,SUSC,≤     0.5,SUSC,≤     0.5,SUSC,≤     0.5,SUSC,≤     0.5,NOINTP,≤    0.06,SUSC,      0.5,SUSC,≤    0.12,SUSC,≤     0.5,NOINTP,≤     0.5,SUSC,≤     0.5,SUSC,≤     0.12,SUSC, ≤    2,SUSC,≤       1,SUSC,       8,NOINTP,     0.5,SUSC,≤       1,SUSC,≤     0.5,SUSC
SRR20168640,10/0498,10-0498,≤       2,SUSC,       4,SUSC,       4,SUSC,       2,SUSC,≤     0.5,SUSC,≤     0.5,SUSC,≤     0.5,SUSC,≤     0.5,SUSC,≤     0.5,NOINTP,≤    0.06,SUSC,      0.5,SUSC,≤    0.12,SUSC,≤     0.5,NOINTP,       1,SUSC,≤     0.5,SUSC,≤     0.12,SUSC, ≤    2,SUSC,≤       1,SUSC,       4,NOINTP,≤    0.25,SUSC,≤       1,SUSC,≤     0.5,SUSC
SRR20168639,10/0533,10-0533,≤       2,SUSC,       8,SUSC,       4,SUSC,       8,SUSC,≤     0.5,SUSC,≤     0.5,SUSC,≤     0.5,SUSC,≤     0.5,SUSC,≤     0.5,NOINTP,≤    0.06,SUSC,      0.5,SUSC,≤    0.12,SUSC,≤     0.5,NOINTP,       1,SUSC,≤     0.5,SUSC,≤     0.12,SUSC, ≤    2,SUSC,       2,SUSC,       8,NOINTP,     0.5,SUSC,≤       1,SUSC,≤     0.5,SUSC
SRR20168638,10/0662,10-0662,≤       2,SUSC, >      32,RESIST,       8,SUSC,       8,SUSC,≤     0.5,SUSC,≤     0.5,SUSC,≤     0.5,SUSC,≤     0.5,SUSC,≤     0.5,NOINTP,≤    0.06,SUSC,≤     0.5,SUSC,≤    0.12,SUSC,≤     0.5,NOINTP,≤     0.5,SUSC,≤     0.5,SUSC,≤     0.5,SUSC,,,≤       1,SUSC,       4,NOINTP,       1,SUSC,≤       1,SUSC, >      32,RESIST
SRR20168637,10/0677,10-0677,≤       2,SUSC, >      32,RESIST, >      64,RESIST,      32,RESIST,≤     0.5,SUSC,≤     0.5,SUSC,≤     0.5,SUSC,≤     0.5,SUSC,≤     0.5,NOINTP,≤    0.06,SUSC,≤     0.5,SUSC,≤    0.12,SUSC,≤     0.5,NOINTP,≤     0.5,SUSC,≤     0.5,SUSC,≤     0.5,SUSC,,,       8,SUSC,       8,NOINTP,     0.5,SUSC,≤       1,SUSC,≤     0.5,SUSC
SRR20168635,10/0720,10-0720,≤       2,SUSC, >      32,RESIST,       8,SUSC,       8,SUSC,≤     0.5,SUSC,≤     0.5,SUSC,≤     0.5,SUSC,≤     0.5,SUSC,≤     0.5,NOINTP,≤    0.06,SUSC,≤     0.5,SUSC,≤    0.12,SUSC,≤     0.5,NOINTP,       1,SUSC,≤     0.5,SUSC,≤     0.5,SUSC,,,       2,SUSC,       8,NOINTP,≤    0.25,SUSC,≤       1,SUSC, >      32,RESIST
SRR20168634,10/0815,10-0815,≤       2,SUSC, >      32,RESIST,      16,RESIST,      16,INTERM, >      32,RESIST,      32,RESIST, >       8,RESIST,      32,RESIST,≤     0.5,NOINTP, >      16,RESIST,≤     0.5,SUSC,≤    0.12,SUSC,       1,NOINTP,≤     0.5,SUSC,≤     0.5,SUSC,≤     0.5,SUSC,,,       2,SUSC,      16,NOINTP,≤    0.25,SUSC,≤       1,SUSC,≤     0.5,SUSC
SRR20168633,10/0997,10-0997,≤       2,SUSC, >      32,RESIST, >      64,RESIST,      32,RESIST,≤     0.5,SUSC,       1,SUSC,≤     0.5,SUSC,≤     0.5,SUSC,≤     0.5,NOINTP,    0.25,SUSC,≤     0.5,SUSC,≤    0.12,SUSC,≤     0.5,NOINTP,≤     0.5,SUSC,≤     0.5,SUSC,≤     0.5,SUSC,,,      32,RESIST,       8,NOINTP,     0.5,SUSC,≤       1,SUSC, >      32,RESIST
SRR20168632,10/1009,10-1009,       4,SUSC, >      32,RESIST,      64,RESIST,      16,INTERM,≤     0.5,SUSC,≤     0.5,SUSC,≤     0.5,SUSC,≤     0.5,SUSC,≤     0.5,NOINTP,≤    0.06,SUSC,≤     0.5,SUSC,≤    0.12,SUSC,≤     0.5,NOINTP,       1,SUSC,≤     0.5,SUSC,≤     0.5,SUSC,,,       2,SUSC,       8,NOINTP,     0.5,SUSC,≤       1,SUSC, >      32,RESIST
SRR20168631,10/1010,10-1010,≤       2,SUSC,       4,SUSC,       4,SUSC,       2,SUSC,≤     0.5,SUSC,≤     0.5,SUSC,≤     0.5,SUSC,≤     0.5,SUSC,≤     0.5,NOINTP,≤    0.06,SUSC,      0.5,SUSC,≤    0.12,SUSC,≤     0.5,NOINTP,≤     0.5,SUSC,≤     0.5,SUSC,≤     0.12,SUSC, ≤    2,SUSC,≤       1,SUSC,       2,NOINTP,     0.5,SUSC,≤       1,SUSC,≤     0.5,SUSC
SRR20168630,10/1231,10-1231,≤       2,SUSC,       4,SUSC,       2,SUSC,       4,SUSC,≤     0.5,SUSC,≤     0.5,SUSC,≤     0.5,SUSC,≤     0.5,SUSC,≤     0.5,NOINTP,≤    0.06,SUSC,      0.5,SUSC,≤    0.12,SUSC,≤     0.5,NOINTP,≤     0.5,SUSC,≤     0.5,SUSC,≤     0.12,SUSC, ≤    2,SUSC,≤       1,SUSC,       2,NOINTP,     0.5,SUSC,≤       1,SUSC,≤     0.5,SUSC
SRR20168629,10/1341,10-1341,≤       2,SUSC, >      32,RESIST,       8,SUSC,       8,SUSC,≤     0.5,SUSC,≤     0.5,SUSC,≤     0.5,SUSC,≤     0.5,SUSC,≤     0.5,NOINTP,≤    0.06,SUSC,≤     0.5,SUSC,≤    0.12,SUSC,≤     0.5,NOINTP,≤     0.5,SUSC,≤     0.5,SUSC,≤     0.5,SUSC,,,≤       1,SUSC,       4,NOINTP,≤    0.25,SUSC,≤       1,SUSC,≤     0.5,SUSC
SRR20168628,10/1358,10-1358,       4,SUSC, >      32,RESIST,       8,SUSC,       8,SUSC,≤     0.5,SUSC,≤     0.5,SUSC,≤     0.5,SUSC,≤     0.5,SUSC,≤     0.5,NOINTP, >      16,RESIST,≤     0.5,SUSC,≤    0.12,SUSC,≤     0.5,NOINTP,       1,SUSC,≤     0.5,SUSC,≤     0.5,SUSC,,,       2,SUSC,       8,NOINTP,≤    0.25,SUSC,≤       1,SUSC,≤     0.5,SUSC
SRR20168627,10/1370,10-1370,≤       2,SUSC,       4,SUSC,       4,SUSC,       4,SUSC,≤     0.5,SUSC,≤     0.5,SUSC,≤     0.5,SUSC,≤     0.5,SUSC,≤     0.5,NOINTP,≤    0.06,SUSC,≤     0.5,SUSC,≤    0.12,SUSC,≤     0.5,NOINTP,≤     0.5,SUSC,≤     0.5,SUSC,≤     0.12,SUSC, ≤    2,SUSC,≤       1,SUSC,       4,NOINTP,≤    0.25,SUSC,≤       1,SUSC,≤     0.5,SUSC
SRR20168626,10/1372,10-1372,≤       2,SUSC, >      32,RESIST, >      64,RESIST,      32,RESIST,≤     0.5,SUSC,≤     0.5,SUSC,≤     0.5,SUSC,       1,SUSC,≤     0.5,NOINTP,     0.5,SUSC,       1,SUSC,≤    0.12,SUSC,≤     0.5,NOINTP,       2,SUSC,≤     0.5,SUSC,≤     0.5,SUSC,,, >      64,RESIST,       8,NOINTP,≤    0.25,SUSC,       8,RESIST, >      32,RESIST
SRR20168624,10/1496,10-1496,≤       2,SUSC, >      32,RESIST,      16,RESIST,       8,SUSC,≤     0.5,SUSC,≤     0.5,SUSC,≤     0.5,SUSC,≤     0.5,SUSC,≤     0.5,NOINTP,    0.25,SUSC,≤     0.5,SUSC,≤    0.12,SUSC,       2,NOINTP,       1,SUSC,≤     0.5,SUSC,≤     0.5,SUSC,,,       2,SUSC,       8,NOINTP,     0.5,SUSC,≤       1,SUSC,       2,SUSC
SRR20168623,10/1528,10-1528,≤       2,SUSC, >      32,RESIST,       8,SUSC,       8,SUSC,≤     0.5,SUSC,≤     0.5,SUSC,≤     0.5,SUSC,≤     0.5,SUSC,≤     0.5,NOINTP,      16,RESIST,≤     0.5,SUSC,≤    0.12,SUSC,≤     0.5,NOINTP,≤     0.5,SUSC,≤     0.5,SUSC,≤     0.5,SUSC,,,≤       1,SUSC,       8,NOINTP,≤    0.25,SUSC,≤       1,SUSC,≤     0.5,SUSC
SRR20168622,10/1529,10-1529,≤       2,SUSC,       2,SUSC,       2,SUSC,       4,SUSC,≤     0.5,SUSC,≤     0.5,SUSC,≤     0.5,SUSC,≤     0.5,SUSC,≤     0.12,NOINTP,    0.12,SUSC,     0.5,SUSC,≤    0.12,SUSC,≤     0.5,NOINTP,       1,SUSC,≤     0.5,SUSC,≤     0.12,SUSC, ≤    2,SUSC,≤       1,SUSC,       4,NOINTP,≤    0.25,SUSC,≤       1,SUSC,≤     0.5,SUSC
SRR20168593,10/1560,10-1560,≤       2,SUSC, >      32,RESIST,      16,RESIST,       8,SUSC,≤     0.5,SUSC,≤     0.5,SUSC,       1,SUSC,≤     0.5,SUSC,≤     0.5,NOINTP,≤    0.06,SUSC,≤     0.5,SUSC,≤    0.12,SUSC,≤     0.5,NOINTP,       1,SUSC,≤     0.5,SUSC,≤     0.5,SUSC,,,       2,SUSC,       8,NOINTP,≤    0.25,SUSC,≤       1,SUSC,≤     0.5,SUSC
SRR20168592,10/1569,10-1569,≤       2,SUSC,       2,SUSC,       4,SUSC,       4,SUSC,≤     0.5,SUSC,≤     0.5,SUSC,≤     0.5,SUSC,≤     0.5,SUSC,≤     0.5,NOINTP,≤    0.06,SUSC,     0.5,SUSC,≤    0.12,SUSC,≤     0.5,NOINTP,≤     0.5,SUSC,≤     0.5,SUSC,≤     0.12,SUSC, ≤    2,SUSC,≤       1,SUSC,       4,NOINTP,≤    0.25,SUSC,≤       1,SUSC,≤     0.5,SUSC
SRR20168591,10/1643,10-1643,≤       2,SUSC, >      32,RESIST,       8,SUSC,       8,SUSC,≤     0.5,SUSC,≤     0.5,SUSC,≤     0.5,SUSC,≤     0.5,SUSC,≤     0.5,NOINTP,≤    0.06,SUSC,≤     0.5,SUSC,≤    0.12,SUSC,≤     0.5,NOINTP,≤     0.5,SUSC,≤     0.5,SUSC,≤     0.5,SUSC,,,       2,SUSC,       4,NOINTP,     0.5,SUSC,≤       1,SUSC,≤     0.5,SUSC
SRR20168590,10/1649,10-1649,≤       2,SUSC, >      32,RESIST,      16,RESIST,      16,INTERM,≤     0.5,SUSC,≤     0.5,SUSC,≤     0.5,SUSC,≤     0.5,SUSC,≤     0.5,NOINTP,≤    0.06,SUSC,       1,SUSC,≤    0.12,SUSC,≤     0.5,NOINTP,       2,SUSC,≤     0.5,SUSC,≤     0.5,SUSC,,,       2,SUSC,       8,NOINTP,≤    0.25,SUSC,≤       1,SUSC,≤     0.5,SUSC
SRR20168589,10/1671,10-1671,≤       2,SUSC, >      32,RESIST, >      64,RESIST,      32,RESIST,       4,INTER,≤     0.5,SUSC,       2,INTER,       4,INTER,≤     0.5,NOINTP,       8,RESIST,       1,SUSC,≤    0.12,SUSC,≤     0.5,NOINTP,≤     0.5,SUSC,≤     0.5,SUSC,≤     0.5,SUSC,,,       8,SUSC,       8,NOINTP,≤    0.25,SUSC,≤       1,SUSC,≤     0.5,SUSC
SRR20168588,10/1742,10-1742,≤       2,SUSC,       8,SUSC,       8,SUSC,       8,SUSC,≤     0.5,SUSC,≤     0.5,SUSC,≤     0.5,SUSC,≤     0.5,SUSC,≤     0.5,NOINTP, >      16,RESIST,≤     0.5,SUSC,≤    0.12,SUSC,≤     0.5,NOINTP,≤     0.5,SUSC,≤     0.5,SUSC,     0.12,SUSC, ≤    2,SUSC,       2,SUSC,       4,NOINTP,≤    0.25,SUSC,≤       1,SUSC,≤     0.5,SUSC
SRR20168587,10/1853,10-1853,≤       2,SUSC, >      32,RESIST, >      64,RESIST,      32,RESIST,≤     0.5,SUSC,≤     0.5,SUSC,≤     0.5,SUSC,≤     0.5,SUSC,≤     0.5,NOINTP,    0.12,SUSC,≤     0.5,SUSC,≤    0.12,SUSC,≤     0.5,NOINTP,       1,SUSC,≤     0.5,SUSC,≤     0.5,SUSC,,,      16,INTER,       8,NOINTP,≤    0.25,SUSC,≤       1,SUSC,≤     0.5,SUSC
SRR20168761,15/0024,15-0024,≤       2,SUSC, >      32,RESIST,      64,RESIST,      16,INTERM,≤     0.5,SUSC,≤     0.5,SUSC,≤     0.5,SUSC,≤     0.5,SUSC,≤     0.5,NOINTP,≤    0.06,SUSC,≤     0.5,SUSC,≤    0.12,SUSC,≤     0.5,NOINTP,≤     0.5,SUSC,≤     0.5,SUSC,≤     0.5,SUSC,,,       4,SUSC,      16,NOINTP,       1,SUSC,≤       1,SUSC,≤     0.5,SUSC
SRR20168760,15/0032,15-0032,≤       2,SUSC, >      32,RESIST,      64,RESIST,      16,INTERM,≤     0.5,SUSC,≤     0.5,SUSC,≤     0.5,SUSC,       2,INTER,≤     0.5,NOINTP,      16,RESIST,≤     0.5,SUSC,≤    0.12,SUSC,≤     0.5,NOINTP,≤     0.5,SUSC,≤     0.5,SUSC,≤     0.5,SUSC,,,       4,SUSC,      16,NOINTP,     0.5,SUSC,≤       1,SUSC, >      32,RESIST
SRR20168759,15/0144,15-0144,≤       2,SUSC,       4,SUSC,       4,SUSC,       4,SUSC,≤     0.5,SUSC,≤     0.5,SUSC,≤     0.5,SUSC,≤     0.5,SUSC,≤     0.5,NOINTP,≤    0.06,SUSC,≤     0.5,SUSC,≤    0.12,SUSC,≤     0.5,NOINTP,≤     0.5,SUSC,≤     0.5,SUSC,≤     0.12,SUSC, ≤    2,SUSC,≤       1,SUSC,       4,NOINTP,≤     0.25,SUSC,≤       1,SUSC,≤     0.5,SUSC
SRR20168758,15/0152,15-0152,≤       2,SUSC, >      32,RESIST,      64,RESIST,      16,INTERM,      32,RESIST, >      32,RESIST, >       8,RESIST,      16,RESIST,≤     0.5,NOINTP,≤    0.06,SUSC,       1,SUSC,≤    0.12,SUSC,       2,NOINTP,≤     0.5,SUSC,≤     0.5,SUSC,≤     0.5,SUSC,,,       4,SUSC,       8,NOINTP,       2,INTER,≤       1,SUSC,≤     0.5,SUSC
SRR20168757,15/0161,15-0161,≤       2,SUSC,       4,SUSC,       4,SUSC,       4,SUSC,≤     0.5,SUSC,≤     0.5,SUSC,≤     0.5,SUSC,≤     0.5,SUSC,≤     0.5,NOINTP,≤    0.06,SUSC,≤     0.5,SUSC,≤    0.12,SUSC,≤     0.5,NOINTP,≤     0.5,SUSC,≤     0.5,SUSC,≤     0.12,SUSC, ≤    2,SUSC,≤       1,SUSC,       4,NOINTP,≤    0.25,SUSC,≤       1,SUSC,≤     0.5,SUSC
SRR20168756,15/0168,15-0168,≤       2,SUSC,       4,SUSC,       4,SUSC,       4,SUSC,≤     0.5,SUSC,≤     0.5,SUSC,≤     0.5,SUSC,≤     0.5,SUSC,≤     0.5,NOINTP,≤    0.06,SUSC,≤     0.5,SUSC,≤    0.12,SUSC,≤     0.5,NOINTP,≤     0.5,SUSC,≤     0.5,SUSC,≤     0.5,SUSC,,,       2,SUSC,       4,NOINTP,     0.5,SUSC,≤       1,SUSC,≤     0.5,SUSC
SRR20168755,15/0186,15-0186,       4,SUSC, >      32,RESIST,       8,SUSC,       8,SUSC,      16,RESIST,       8,RESIST, >       8,RESIST,       4,INTER,≤     0.5,NOINTP, >      16,RESIST,≤     0.5,SUSC,≤    0.12,SUSC,≤     0.5,NOINTP,≤     0.5,SUSC,≤     0.5,SUSC,≤     0.5,SUSC,,,≤       1,SUSC,       4,NOINTP,     0.5,SUSC,≤       1,SUSC, >      32,RESIST
SRR20168754,15/0201,15-0201,≤       2,SUSC, >      32,RESIST,       8,SUSC,       8,SUSC,≤     0.5,SUSC,≤     0.5,SUSC,≤     0.5,SUSC,≤     0.5,SUSC,≤     0.5,NOINTP,     0.5,SUSC,≤     0.5,SUSC,≤    0.12,SUSC,≤     0.5,NOINTP,≤     0.5,SUSC,≤     0.5,SUSC,≤     0.5,SUSC,,,       2,SUSC,       8,NOINTP,       1,SUSC,≤       1,SUSC,≤     0.5,SUSC
SRR20168753,15/0280,15-0280,≤       2,SUSC,       2,SUSC,       2,SUSC,       2,SUSC,≤     0.5,SUSC,≤     0.5,SUSC,≤     0.5,SUSC,≤     0.5,SUSC,≤     0.5,NOINTP,≤    0.06,SUSC,≤     0.5,SUSC,≤    0.12,SUSC,≤     0.5,NOINTP,≤     0.5,SUSC,≤     0.5,SUSC,≤     0.12,SUSC, ≤    2,SUSC,≤       1,SUSC,       2,NOINTP,     0.5,SUSC,≤       1,SUSC,≤     0.5,SUSC
SRR20168752,15/0375,15-0375,≤       2,SUSC, >      32,RESIST, >      64,RESIST,      32,RESIST,≤     0.5,SUSC,       4,INTER,       1,SUSC,≤     0.5,SUSC,≤     0.5,NOINTP, >      16,RESIST,≤     0.5,SUSC,≤    0.12,SUSC,≤     0.5,NOINTP,       1,SUSC,≤     0.5,SUSC,≤     0.5,SUSC,,, >      64,RESIST,       8,NOINTP,       1,SUSC,≤       1,SUSC, >      32,RESIST
SRR20168750,15/0396,15-0396,≤       2,SUSC,       4,SUSC,       4,SUSC,       4,SUSC,≤     0.5,SUSC,≤     0.5,SUSC,≤     0.5,SUSC,≤     0.5,SUSC,≤     0.5,NOINTP,    0.25,SUSC,≤     0.5,SUSC,≤    0.12,SUSC,≤     0.5,NOINTP,       1,SUSC,≤     0.5,SUSC,≤     0.12,SUSC, ≤    2,SUSC,≤       1,SUSC,       4,NOINTP,     0.5,SUSC,≤       1,SUSC,≤     0.5,SUSC
SRR20168749,15/0432,15-0432,≤       2,SUSC, >      32,RESIST,       8,SUSC,       8,SUSC,≤     0.5,SUSC,≤     0.5,SUSC,≤     0.5,SUSC,≤     0.5,SUSC,≤     0.5,NOINTP,       8,RESIST,≤     0.5,SUSC,≤    0.12,SUSC,≤     0.5,NOINTP,≤     0.5,SUSC,≤     0.5,SUSC,≤     0.5,SUSC,,,       2,SUSC,       8,NOINTP,     0.5,SUSC,≤       1,SUSC, >      32,RESIST
SRR20168748,15/0549,15-0549,≤       2,SUSC, >      32,RESIST,      32,RESIST,      16,INTERM,≤     0.5,SUSC,≤     0.5,SUSC,≤     0.5,SUSC,≤     0.5,SUSC,≤     0.5,NOINTP, >      16,RESIST,≤     0.5,SUSC,≤    0.12,SUSC,≤     0.5,NOINTP, >       8,RESIST,≤     0.5,SUSC,≤     0.5,SUSC,,,       2,SUSC,       8,NOINTP,     0.5,SUSC,      16,RESIST, >      32,RESIST
SRR20168747,15/0619,15-0619,≤       2,SUSC,       8,SUSC,       4,SUSC,       4,SUSC,≤     0.5,SUSC,≤     0.5,SUSC,≤     0.5,SUSC,≤     0.5,SUSC,≤     0.5,NOINTP,≤    0.06,SUSC,      0.5,SUSC,≤    0.12,SUSC,≤     0.5,NOINTP,       1,SUSC,≤     0.5,SUSC,≤     0.12,SUSC, ≤    2,SUSC,       2,SUSC,       8,NOINTP,     0.5,SUSC,≤       1,SUSC,≤     0.5,SUSC
SRR20168746,15/0631,15-0631,≤       2,SUSC, >      32,RESIST,      32,RESIST,      16,INTERM,      32,RESIST,      16,RESIST, >       8,RESIST,      16,RESIST,≤     0.5,NOINTP,       8,RESIST,≤     0.5,SUSC,≤    0.12,SUSC,≤     0.5,NOINTP,≤     0.5,SUSC,≤     0.5,SUSC,≤     0.5,SUSC,,,       4,SUSC,       8,NOINTP,     0.5,SUSC,≤       1,SUSC, >      32,RESIST
SRR20168745,15/0664,15-0664,≤       2,SUSC, >      32,RESIST,      16,RESIST,       8,SUSC,≤     0.5,SUSC,≤     0.5,SUSC,≤     0.5,SUSC,≤     0.5,SUSC,≤     0.5,NOINTP, >      16,RESIST,≤     0.5,SUSC,≤    0.12,SUSC,≤     0.5,NOINTP, >       8,RESIST,≤     0.5,SUSC,≤     0.5,SUSC,,,≤       1,SUSC,       8,NOINTP,≤    0.25,SUSC,       8,RESIST,≤     0.5,SUSC
SRR20168744,15/0739,15-0739,       4,SUSC, >      32,RESIST,      16,RESIST,       8,SUSC,≤     0.5,SUSC,≤     0.5,SUSC,≤     0.5,SUSC,≤     0.5,SUSC,≤     0.5,NOINTP,    0.12,SUSC,≤     0.5,SUSC,≤    0.12,SUSC,≤     0.5,NOINTP,       2,SUSC,≤     0.5,SUSC,≤     0.5,SUSC,,,       4,SUSC,      16,NOINTP,     0.5,SUSC,       2,SUSC,≤     0.5,SUSC
SRR20168743,15/0795,15-0795,≤       2,SUSC,       4,SUSC,       4,SUSC,       4,SUSC,≤     0.5,SUSC,≤     0.5,SUSC,≤     0.5,SUSC,≤     0.5,SUSC,≤     0.5,NOINTP,≤    0.06,SUSC,≤     0.5,SUSC,≤    0.12,SUSC,≤     0.5,NOINTP,≤     0.5,SUSC,≤     0.5,SUSC,≤     0.12,SUSC, ≤    2,SUSC,       2,SUSC,       8,NOINTP,     0.5,SUSC,≤       1,SUSC,≤     0.5,SUSC
SRR20168742,15/0844,15-0844,≤       2,SUSC,       4,SUSC,       8,SUSC,       8,SUSC,≤     0.5,SUSC,       2,INTER,≤     0.5,SUSC,≤     0.5,SUSC,≤     0.5,NOINTP,      16,RESIST,≤     0.5,SUSC,≤    0.12,SUSC,≤     0.5,NOINTP,≤     0.5,SUSC,≤     0.5,SUSC,≤     0.5,SUSC,,,       4,SUSC,       8,NOINTP,≤    0.25,SUSC,≤       1,SUSC,≤     0.5,SUSC
SRR20168741,15/0899,15-0899,≤       2,SUSC,       2,SUSC,       2,SUSC,       2,SUSC,≤     0.5,SUSC,≤     0.5,SUSC,≤     0.5,SUSC,≤     0.5,SUSC,≤     0.5,NOINTP,≤    0.06,SUSC,      0.5,SUSC,≤    0.12,SUSC,≤     0.5,NOINTP,       1,SUSC,≤     0.5,SUSC,≤     0.12,SUSC, ≤    2,SUSC,       2,SUSC,       4,NOINTP,≤    0.25,SUSC,≤       1,SUSC,≤     0.5,SUSC
SRR20168739,15/0915,15-0915,≤       2,SUSC, >      32,RESIST,      32,RESIST,      16,INTERM,≤     0.5,SUSC,≤     0.5,SUSC,≤     0.5,SUSC,       2,INTER,≤     0.5,NOINTP, >      16,RESIST,≤     0.5,SUSC,≤    0.12,SUSC,       1,NOINTP,≤     0.5,SUSC,≤     0.5,SUSC,≤     0.5,SUSC,,,      16,INTER,      64,NOINTP,       1,SUSC,≤       1,SUSC, >      32,RESIST
SRR20168738,15/0926,15-0926,≤       2,SUSC,       2,SUSC,       4,SUSC,       2,SUSC,≤     0.5,SUSC,≤     0.5,SUSC,≤     0.5,SUSC,≤     0.5,SUSC,≤     0.5,NOINTP,      16,RESIST,≤     0.5,SUSC,≤    0.12,SUSC,≤     0.5,NOINTP,≤     0.5,SUSC,≤     0.5,SUSC,≤     0.12,SUSC, ≤    2,SUSC,≤       1,SUSC,       4,NOINTP,≤    0.25,SUSC,≤       1,SUSC,≤     0.5,SUSC
SRR20168737,15/0930,15-0930,       4,SUSC,       2,SUSC,       2,SUSC,       4,SUSC,≤     0.5,SUSC,≤     0.5,SUSC,≤     0.5,SUSC,≤     0.5,SUSC,≤     0.5,NOINTP,≤    0.06,SUSC,≤     0.5,SUSC,≤    0.12,SUSC,≤     0.5,NOINTP,       1,SUSC,≤     0.5,SUSC,≤     0.12,SUSC, ≤    2,SUSC,≤       1,SUSC,       2,NOINTP,≤    0.25,SUSC,≤       1,SUSC,≤     0.5,SUSC
SRR20168736,15/1114,15-1114,≤       2,SUSC,       8,SUSC,       8,SUSC,       8,SUSC,≤     0.5,SUSC,≤     0.5,SUSC,≤     0.5,SUSC,≤     0.5,SUSC,≤     0.5,NOINTP,     0.5,SUSC,≤     0.5,SUSC,≤    0.12,SUSC,≤     0.5,NOINTP,≤     0.5,SUSC,≤     0.5,SUSC,≤     0.12,SUSC,      4,SUSC,       2,SUSC,       8,NOINTP,     0.5,SUSC,≤       1,SUSC,≤     0.5,SUSC
SRR20168735,15/1133,15-1133,≤       2,SUSC,       4,SUSC,       4,SUSC,       8,SUSC,≤     0.5,SUSC,≤     0.5,SUSC,≤     0.5,SUSC,≤     0.5,SUSC,≤     0.5,NOINTP,≤    0.06,SUSC,      0.5,SUSC,≤    0.12,SUSC,≤     0.5,NOINTP,       1,SUSC,≤     0.5,SUSC,≤     0.12,SUSC, ≤    2,SUSC,       2,SUSC,       4,NOINTP,     0.5,SUSC,≤       1,SUSC,≤     0.5,SUSC
SRR20168734,15/1135,15-1135,≤       2,SUSC, >      32,RESIST,       8,SUSC,       8,SUSC,≤     0.5,SUSC,≤     0.5,SUSC,≤     0.5,SUSC,≤     0.5,SUSC,≤     0.5,NOINTP,≤    0.06,SUSC,≤     0.5,SUSC,≤    0.12,SUSC,≤     0.5,NOINTP,≤     0.5,SUSC,≤     0.5,SUSC,≤     0.5,SUSC,,,≤       1,SUSC,       2,NOINTP,     0.5,SUSC,≤       1,SUSC, >      32,RESIST
SRR20168817,15/1225,15-1225,≤       2,SUSC,      32,RESIST,      16,RESIST,      16,INTERM,≤     0.5,SUSC,       1,SUSC,≤     0.5,SUSC,≤     0.5,SUSC,       2,NOINTP,≤    0.06,SUSC,≤     0.5,SUSC,≤    0.12,SUSC,≤     0.5,NOINTP,≤     0.5,SUSC,≤     0.5,SUSC,≤     0.5,SUSC,,,       2,SUSC,       4,NOINTP,≤    0.25,SUSC,≤       1,SUSC,≤     0.5,SUSC
SRR20168816,15/1227,15-1227,≤       2,SUSC,       4,SUSC,       4,SUSC,       4,SUSC,≤     0.5,SUSC,≤     0.5,SUSC,≤     0.5,SUSC,≤     0.5,SUSC,≤     0.5,NOINTP,≤    0.06,SUSC,      0.5,SUSC,≤    0.12,SUSC,≤     0.5,NOINTP,≤     0.5,SUSC,≤     0.5,SUSC,≤     0.12,SUSC, ≤    2,SUSC,       2,SUSC,       4,NOINTP,≤    0.25,SUSC,≤       1,SUSC,≤     0.5,SUSC
SRR20168799,15/1293,15-1293,       4,SUSC, >      32,RESIST,      64,RESIST,      16,INTERM,      32,RESIST,       8,RESIST, >       8,RESIST,       8,RESIST,≤     0.5,NOINTP, >      16,RESIST,≤     0.5,SUSC,≤    0.12,SUSC,≤     0.5,NOINTP, >       8,RESIST,≤     0.5,SUSC,≤     0.5,SUSC,,,       8,SUSC,       4,NOINTP,       1,SUSC,      16,RESIST, >      32,RESIST
SRR20168815,15/1293,15-1293,       4,SUSC, >      32,RESIST,      64,RESIST,      16,INTERM,      32,RESIST,       8,RESIST, >       8,RESIST,       8,RESIST,≤     0.5,NOINTP, >      16,RESIST,≤     0.5,SUSC,≤    0.12,SUSC,≤     0.5,NOINTP, >       8,RESIST,≤     0.5,SUSC,≤     0.5,SUSC,,,       8,SUSC,       4,NOINTP,       1,SUSC,      16,RESIST, >      32,RESIST
SRR20168814,15/1320,15-1320,≤       2,SUSC, >      32,RESIST,       8,SUSC,       8,SUSC,≤     0.5,SUSC,≤     0.5,SUSC,≤     0.5,SUSC,≤     0.5,SUSC,≤     0.5,NOINTP,≤    0.06,SUSC,≤     0.5,SUSC,≤    0.12,SUSC,≤     0.5,NOINTP,≤     0.5,SUSC,≤     0.5,SUSC,≤     0.5,SUSC,,,≤       1,SUSC,       8,NOINTP,     0.5,SUSC,≤       1,SUSC,≤     0.5,SUSC
SRR20168812,15/1354,15-1354,       4,SUSC,       4,SUSC,       4,SUSC,       4,SUSC,≤     0.5,SUSC,≤     0.5,SUSC,≤     0.5,SUSC,≤     0.5,SUSC,≤     0.5,NOINTP,≤    0.06,SUSC,≤     0.5,SUSC,≤    0.12,SUSC,≤     0.5,NOINTP,≤     0.5,SUSC,≤     0.5,SUSC,≤     0.12,SUSC, ≤    2,SUSC,       2,SUSC,       8,NOINTP,≤    0.25,SUSC,≤       1,SUSC,≤     0.5,SUSC
SRR20168811,15/1378,15-1378,≤       2,SUSC,       4,SUSC,       4,SUSC,       4,SUSC,≤     0.5,SUSC,≤     0.5,SUSC,≤     0.5,SUSC,≤     0.5,SUSC,≤     0.5,NOINTP,≤    0.06,SUSC,       0.5,SUSC,≤    0.12,SUSC,≤     0.5,NOINTP,≤     0.5,SUSC,≤     0.5,SUSC,≤     0.12,SUSC,      4,SUSC,≤       1,SUSC,       8,NOINTP,     0.5,SUSC,≤       1,SUSC,≤     0.5,SUSC
SRR20168810,15/1448,15-1448,       4,SUSC,       8,SUSC,       4,SUSC,       4,SUSC,≤     0.5,SUSC,≤     0.5,SUSC,≤     0.5,SUSC,≤     0.5,SUSC,≤     0.5,NOINTP,≤    0.06,SUSC,       0.5,SUSC,≤    0.12,SUSC,≤     0.5,NOINTP,       1,SUSC,≤     0.5,SUSC,≤     0.12,SUSC, ≤    2,SUSC,       2,SUSC,       4,NOINTP,     0.5,SUSC,≤       1,SUSC,≤     0.5,SUSC
SRR20168809,15/1457,15-1457,≤       2,SUSC, >      32,RESIST,       8,SUSC,       8,SUSC,≤     0.5,SUSC,≤     0.5,SUSC,≤     0.5,SUSC,≤     0.5,SUSC,≤     0.5,NOINTP,      16,RESIST,≤     0.5,SUSC,≤    0.12,SUSC,≤     0.5,NOINTP,       1,SUSC,≤     0.5,SUSC,≤     0.5,SUSC,,,≤       1,SUSC,       8,NOINTP,     0.5,SUSC,≤       1,SUSC,≤     0.5,SUSC
SRR20168808,15/1467,15-1467,≤       2,SUSC, >      32,RESIST,      16,RESIST,       8,SUSC,≤     0.5,SUSC,≤     0.5,SUSC,≤     0.5,SUSC,≤     0.5,SUSC,≤     0.5,NOINTP,≤    0.06,SUSC,≤     0.5,SUSC,≤    0.12,SUSC,≤     0.5,NOINTP,≤     0.5,SUSC,≤     0.5,SUSC,≤     0.5,SUSC,,,       2,SUSC,       8,NOINTP,     0.5,SUSC,≤       1,SUSC,≤     0.5,SUSC
SRR20168807,15/1606,15-1606,≤       2,SUSC, >      32,RESIST,       8,SUSC,       8,SUSC,      32,RESIST,      16,RESIST, >       8,RESIST,      16,RESIST,≤     0.5,NOINTP, >      16,RESIST,       0.5,SUSC,≤    0.12,SUSC,≤     0.5,NOINTP,≤     0.5,SUSC,≤     0.5,SUSC,≤     0.5,SUSC,  >    32,RESIST,≤       1,SUSC,       8,NOINTP,     0.5,SUSC,≤       1,SUSC,≤     0.5,SUSC
SRR20168806,15/1615,15-1615,       4,SUSC, >      32,RESIST,       8,SUSC,       8,SUSC,≤     0.5,SUSC,≤     0.5,SUSC,≤     0.5,SUSC,≤     0.5,SUSC,≤     0.5,NOINTP,    0.25,SUSC,≤     0.5,SUSC,≤    0.12,SUSC,≤     0.5,NOINTP,≤     0.5,SUSC,≤     0.5,SUSC,≤     0.5,SUSC,,,       2,SUSC,       8,NOINTP,     0.5,SUSC,≤       1,SUSC, >      32,RESIST
SRR20168805,15/1630,15-1630,≤       2,SUSC, >      32,RESIST, >      64,RESIST,      16,INTERM,≤     0.5,SUSC,       2,INTER,≤     0.5,SUSC,≤     0.5,SUSC,≤     0.5,NOINTP, >      16,RESIST,≤     0.5,SUSC,≤    0.12,SUSC,≤     0.5,NOINTP, >       8,RESIST,≤     0.5,SUSC,≤     0.5,SUSC,,, >      64,RESIST,       8,NOINTP,     0.5,SUSC, >      16,RESIST, >      32,RESIST
SRR20168804,15/1724,15-1724,≤       2,SUSC, >      32,RESIST,       8,SUSC,       8,SUSC,≤     0.5,SUSC,≤     0.5,SUSC,≤     0.5,SUSC,≤     0.5,SUSC,≤     0.5,NOINTP,≤    0.06,SUSC,≤     0.5,SUSC,≤    0.12,SUSC,≤     0.5,NOINTP,≤     0.5,SUSC,≤     0.5,SUSC,≤     0.5,SUSC,,,       2,SUSC,       4,NOINTP,≤    0.25,SUSC,≤       1,SUSC, >      32,RESIST
SRR20168803,15/1725,15-1725,≤       2,SUSC, >      32,RESIST,       8,SUSC,       8,SUSC,≤     0.5,SUSC,≤     0.5,SUSC,≤     0.5,SUSC,≤     0.5,SUSC,≤     0.5,NOINTP,≤    0.06,SUSC,≤     0.5,SUSC,≤    0.12,SUSC,≤     0.5,NOINTP,       1,SUSC,≤     0.5,SUSC,≤     0.5,SUSC,,,≤       1,SUSC,       4,NOINTP,     0.5,SUSC,≤       1,SUSC,       1,SUSC
SRR20168801,15/1745,15-1745,≤       2,SUSC, >      32,RESIST,      16,RESIST,       8,SUSC,≤     0.5,SUSC,≤     0.5,SUSC,≤     0.5,SUSC,≤     0.5,SUSC,≤     0.5,NOINTP, >      16,RESIST,       1,SUSC,≤    0.12,SUSC,≤     0.5,NOINTP,       1,SUSC,≤     0.5,SUSC,≤     0.5,SUSC,,,       4,SUSC,       8,NOINTP,≤    0.25,SUSC,≤       1,SUSC, >      32,RESIST
SRR20168800,15/1823,15-1823,       8,SUSC, >      32,RESIST, >      64,RESIST,      16,INTERM,≤     0.5,SUSC,≤     0.5,SUSC,≤     0.5,SUSC,≤     0.5,SUSC,≤     0.5,NOINTP, >      16,RESIST,≤     0.5,SUSC,≤    0.12,SUSC,≤     0.5,NOINTP,       1,SUSC,≤     0.5,SUSC,≤     0.5,SUSC,,,      32,RESIST,       4,NOINTP,     0.5,SUSC, >      16,RESIST, >      32,RESIST
SRR20168798,15/1924,15-1924,       4,SUSC, >      32,RESIST,      16,RESIST,       8,SUSC,      32,RESIST,       8,RESIST, >       8,RESIST,      16,RESIST,≤     0.5,NOINTP, >      16,RESIST,≤     0.5,SUSC,≤    0.12,SUSC,≤     0.5,NOINTP,≤     0.5,SUSC,≤     0.5,SUSC,≤     0.5,SUSC,,,       4,SUSC,       8,NOINTP,     0.5,SUSC,      16,RESIST, >      32,RESIST
SRR20168797,15/1931,15-1931,≤       2,SUSC,       8,SUSC,       8,SUSC,       8,SUSC,≤     0.5,SUSC,≤     0.5,SUSC,≤     0.5,SUSC,≤     0.5,SUSC,≤     0.5,NOINTP,     0.5,SUSC,≤     0.5,SUSC,≤    0.12,SUSC,≤     0.5,NOINTP,≤     0.5,SUSC,≤     0.5,SUSC,≤     0.5,SUSC,,,       2,SUSC,       8,NOINTP,     0.5,SUSC,≤       1,SUSC, >      32,RESIST
SRR20168796,15/1982,15-1982,≤       2,SUSC,       8,SUSC,       8,SUSC,       8,SUSC,≤     0.5,SUSC,≤     0.5,SUSC,≤     0.5,SUSC,≤     0.5,SUSC,≤     0.5,NOINTP,≤    0.06,SUSC,≤     0.5,SUSC,≤    0.12,SUSC,≤     0.5,NOINTP,≤     0.5,SUSC,≤     0.5,SUSC,≤     0.5,SUSC,,,       2,SUSC,       4,NOINTP,≤    0.25,SUSC,≤       1,SUSC,≤     0.5,SUSC
SRR20168795,15/2066,15-2066,≤       2,SUSC, >      32,RESIST,      16,RESIST,       8,SUSC,≤     0.5,SUSC,≤     0.5,SUSC,≤     0.5,SUSC,≤     0.5,SUSC,≤     0.5,NOINTP,    0.12,SUSC,≤     0.5,SUSC,≤    0.12,SUSC,≤     0.5,NOINTP,≤     0.5,SUSC,≤     0.5,SUSC,≤     0.5,SUSC,,,≤       1,SUSC,       2,NOINTP,     0.5,SUSC,≤       1,SUSC,       1,SUSC
SRR20168794,15/2072,15-2072,≤       2,SUSC, >      32,RESIST, >      64,RESIST,      32,RESIST,≤     0.5,SUSC,≤     0.5,SUSC,≤     0.5,SUSC,≤     0.5,SUSC,≤     0.5,NOINTP,    0.12,SUSC,≤     0.5,SUSC,≤    0.12,SUSC,≤     0.5,NOINTP,≤     0.5,SUSC,≤     0.5,SUSC,≤     0.5,SUSC,,,       8,SUSC,      16,NOINTP,     0.5,SUSC,≤       1,SUSC, >      32,RESIST
SRR20168793,15/2152,15-2152,≤       2,SUSC, >      32,RESIST,       4,SUSC,       4,SUSC,≤     0.5,SUSC,≤     0.5,SUSC,≤     0.5,SUSC,≤     0.5,SUSC,≤     0.5,NOINTP,     0.25,SUSC,≤     0.5,SUSC,≤    0.12,SUSC,≤     0.5,NOINTP,≤     0.5,SUSC,≤     0.5,SUSC,≤     0.12,SUSC, ≤    2,SUSC,≤       1,SUSC,      16,NOINTP,≤    0.25,SUSC,≤       1,SUSC, >      32,RESIST
SRR20168792,15/2180,15-2180,≤       2,SUSC,       4,SUSC,       2,SUSC,       2,SUSC,≤     0.5,SUSC,≤     0.5,SUSC,≤     0.5,SUSC,≤     0.5,SUSC,≤     0.5,NOINTP,    0.25,SUSC,≤     0.5,SUSC,≤    0.12,SUSC,≤     0.5,NOINTP,≤     0.5,SUSC,≤     0.5,SUSC,≤     0.12,SUSC, ≤    2,SUSC,       2,SUSC,       4,NOINTP,≤    0.25,SUSC,≤       1,SUSC,≤     0.5,SUSC
SRR20168790,18/0017,18-0017,≤       2,SUSC, >      32,RESIST, >      64,RESIST,      16,INTERM,≤     0.5,SUSC,≤     0.5,SUSC,≤     0.5,SUSC,≤     0.5,SUSC,≤     0.5,NOINTP,≤    0.06,SUSC,≤     0.5,SUSC,≤    0.12,SUSC,≤     0.5,NOINTP,≤     0.5,SUSC,≤     0.5,SUSC,≤     0.5,SUSC,,,       4,SUSC,       4,NOINTP,≤    0.25,SUSC,≤       1,SUSC,≤     0.5,SUSC
SRR20168789,18/0046,18-0046,≤       2,SUSC, >      32,RESIST,      16,RESIST,       8,SUSC,≤     0.5,SUSC,≤     0.5,SUSC,≤     0.5,SUSC,≤     0.5,SUSC,≤     0.5,NOINTP,≤    0.06,SUSC,≤     0.5,SUSC,≤    0.12,SUSC,≤     0.5,NOINTP,≤     0.5,SUSC,≤     0.5,SUSC,≤     0.5,SUSC,,,       2,SUSC,       8,NOINTP,≤    0.25,SUSC,       2,SUSC, >      32,RESIST
SRR20168788,18/0088,18-0088,≤       2,SUSC, >      32,RESIST,       4,SUSC,       8,SUSC,≤     0.5,SUSC,≤     0.5,SUSC,≤     0.5,SUSC,≤     0.5,SUSC,≤     0.5,NOINTP,≤    0.06,SUSC,      0.5,SUSC,≤    0.12,SUSC,≤     0.5,NOINTP,       1,SUSC,≤     0.5,SUSC,≤     0.12,SUSC, >      32,RESIST,≤       1,SUSC,       2,NOINTP,≤    0.25,SUSC,≤       1,SUSC,≤     0.5,SUSC
SRR20168787,18/0127,18-0127,≤       2,SUSC, >      32,RESIST,      16,RESIST,       4,SUSC,≤     0.5,SUSC,≤     0.5,SUSC,≤     0.5,SUSC,≤     0.5,SUSC,≤     0.5,NOINTP,      16,RESIST,≤     0.5,SUSC,≤    0.12,SUSC,≤     0.5,NOINTP,≤     0.5,SUSC,≤     0.5,SUSC,≤     0.5,SUSC,,,       2,SUSC,       4,NOINTP,       1,SUSC,≤       1,SUSC, >      32,RESIST
SRR20168786,18/0155,18-0155,≤       2,SUSC, >      32,RESIST,       8,SUSC,       4,SUSC,≤     0.5,SUSC,≤     0.5,SUSC,≤     0.5,SUSC,≤     0.5,SUSC,≤     0.5,NOINTP,≤    0.06,SUSC,≤     0.5,SUSC,≤    0.12,SUSC,≤     0.5,NOINTP,       1,SUSC,≤     0.5,SUSC,≤     0.5,SUSC,,,≤       1,SUSC,       4,NOINTP,     0.5,SUSC,≤       1,SUSC, >      32,RESIST
SRR20168785,18/0175,18-0175,≤       2,SUSC, >      32,RESIST, >      64,RESIST,      32,RESIST,≤     0.5,SUSC,≤     0.5,SUSC,≤     0.5,SUSC,≤     0.5,SUSC,≤     0.5,NOINTP,    0.25,SUSC,≤     0.5,SUSC,≤    0.12,SUSC,≤     0.5,NOINTP,≤     0.5,SUSC,≤     0.5,SUSC,≤     0.5,SUSC,,, >      64,RESIST,       8,NOINTP,     0.5,SUSC,       2,SUSC, >      32,RESIST
SRR20168784,18/0176,18-0176,       4,SUSC,       4,SUSC,       4,SUSC,       4,SUSC,≤     0.5,SUSC,≤     0.5,SUSC,≤     0.5,SUSC,≤     0.5,SUSC,≤     0.5,NOINTP, >      16,RESIST,       0.5,SUSC,≤    0.12,SUSC,≤     0.5,NOINTP,       1,SUSC,≤     0.5,SUSC,≤     0.12,SUSC,≤       2,SUSC,       2,SUSC,      16,NOINTP,     0.5,SUSC,≤       1,SUSC,≤     0.5,SUSC
SRR20168783,18/0237,18-0237,≤       2,SUSC,       4,SUSC,       4,SUSC,       4,SUSC,≤     0.5,SUSC,≤     0.5,SUSC,≤     0.5,SUSC,≤     0.5,SUSC,≤     0.5,NOINTP,≤    0.06,SUSC,≤       1,SUSC,≤    0.12,SUSC,≤     0.5,NOINTP,≤     0.5,SUSC,≤     0.5,SUSC,≤     0.12,SUSC,≤       2,SUSC,≤       1,SUSC,       4,NOINTP,     0.5,SUSC,≤       1,SUSC,≤       1,SUSC
SRR20168782,18/0245,18-0245,≤       2,SUSC, >      32,RESIST,      16,RESIST,       8,SUSC,≤     0.5,SUSC,≤     0.5,SUSC,≤     0.5,SUSC,≤     0.5,SUSC,≤     0.5,NOINTP,≤    0.06,SUSC,≤     0.5,SUSC,≤    0.12,SUSC,≤     0.5,NOINTP,≤     0.5,SUSC,≤     0.5,SUSC,≤     0.5,SUSC,,,       4,SUSC,       8,NOINTP,     0.5,SUSC,≤       1,SUSC,≤     0.5,SUSC
SRR20168781,18/0254,18-0254,       4,SUSC, >      32,RESIST, >      64,RESIST,      32,RESIST,≤     0.5,SUSC,≤     0.5,SUSC,≤     0.5,SUSC,≤     0.5,SUSC,≤     0.5,NOINTP,≤    0.06,SUSC,≤     0.5,SUSC,≤    0.12,SUSC,≤     0.5,NOINTP,       1,SUSC,≤     0.5,SUSC,≤     0.5,SUSC,,, >      64,RESIST,       4,NOINTP,       1,SUSC,≤       1,SUSC, >      32,RESIST
SRR20168779,18/0256,18-0256,≤       2,SUSC,       4,SUSC,       2,SUSC,       4,SUSC,≤     0.5,SUSC,≤     0.5,SUSC,≤     0.5,SUSC,≤     0.5,SUSC,≤     0.5,NOINTP,≤    0.06,SUSC,      0.5,SUSC,≤    0.12,SUSC,≤     0.5,NOINTP,       1,SUSC,≤     0.5,SUSC,≤     0.12,SUSC,≤       2,SUSC,≤       2,SUSC,       4,NOINTP,     0.5,SUSC,≤       1,SUSC,≤     0.5,SUSC
SRR20168778,18/0274,18-0274,       8,SUSC, >      32,RESIST,      64,RESIST,      16,INTERM,≤     0.5,SUSC,≤     0.5,SUSC,≤     0.5,SUSC,≤     0.5,SUSC,≤     0.5,NOINTP, >      16,RESIST,≤     0.5,SUSC,≤    0.12,SUSC,≤     0.5,NOINTP, >       8,RESIST,≤     0.5,SUSC,≤     0.5,SUSC,,,       8,SUSC,       8,NOINTP,     0.5,SUSC, >      16,RESIST,≤     0.5,SUSC
SRR20168777,18/0334,18-0334,≤       2,SUSC,       8,SUSC,       8,SUSC,       4,SUSC,≤     0.5,SUSC,≤     0.5,SUSC,≤     0.5,SUSC,≤     0.5,SUSC,≤     0.5,NOINTP,≤    0.06,SUSC,      0.5,SUSC,≤    0.12,SUSC,≤     0.5,NOINTP,≤     0.5,SUSC,≤     0.5,SUSC,≤     0.12,SUSC,≤       2,SUSC,       2,SUSC,      16,NOINTP,     0.5,SUSC,≤       1,SUSC,≤     0.5,SUSC
SRR20168776,18/0348,18-0348,≤       2,SUSC, >      32,RESIST,      32,RESIST,       8,SUSC,≤     0.5,SUSC,≤     0.5,SUSC,≤     0.5,SUSC,≤     0.5,SUSC,≤     0.5,NOINTP, >      16,RESIST,≤     0.5,SUSC,≤    0.12,SUSC,≤     0.5,NOINTP, >       8,RESIST,≤     0.5,SUSC,≤     0.5,SUSC,,,       4,SUSC,      16,NOINTP,≤    0.25,SUSC,       8,RESIST,≤     0.5,SUSC
SRR20168775,18/0362,18-0362,≤       2,SUSC, >      32,RESIST,      16,RESIST,       8,SUSC,≤     0.5,SUSC,≤     0.5,SUSC,≤     0.5,SUSC,≤     0.5,SUSC,≤     0.5,NOINTP, >      16,RESIST,≤     0.5,SUSC,≤    0.12,SUSC,≤     0.5,NOINTP, >       8,RESIST,≤     0.5,SUSC,≤     0.5,SUSC,,,       4,SUSC,      32,NOINTP,     0.5,SUSC,       4,INTER,≤     0.5,SUSC
SRR20168774,18/0421,18-0421,      16,INTER, >      32,RESIST, >      64,RESIST,      16,INTERM,       4,INTER,       2,INTER, >       8,RESIST,       4,INTER,≤     0.5,NOINTP, >      16,RESIST,≤     0.5,SUSC,≤    0.12,SUSC,       1,NOINTP,       1,SUSC,       1,SUSC,≤     0.5,SUSC,,,      64,RESIST,       8,NOINTP,     0.5,SUSC, >      16,RESIST, >      32,RESIST
SRR20168773,18/0423,18-0423,≤       2,SUSC,       4,SUSC,       4,SUSC,       4,SUSC,≤     0.5,SUSC,≤     0.5,SUSC,≤     0.5,SUSC,≤     0.5,SUSC,≤     0.5,NOINTP,≤    0.06,SUSC,      0.5,SUSC,≤    0.12,SUSC,≤     0.5,NOINTP,       1,SUSC,≤     0.5,SUSC,≤     0.12,SUSC,≤       2,SUSC,       2,SUSC,       8,NOINTP,≤    0.25,SUSC,≤       1,SUSC,≤     0.5,SUSC
SRR20168772,18/0432,18-0432,≤       2,SUSC, >      32,RESIST,      32,RESIST,      16,INTERM,≤     0.5,SUSC,≤     0.5,SUSC,≤     0.5,SUSC,≤     0.5,SUSC,≤     0.5,NOINTP,     0.5,SUSC,≤     0.5,SUSC,≤    0.12,SUSC,≤     0.5,NOINTP,       2,SUSC,≤     0.5,SUSC,≤     0.5,SUSC,,,       2,SUSC,       8,NOINTP,≤    0.25,SUSC,≤       1,SUSC,≤     0.5,SUSC
SRR20168771,18/0473,18-0473,       4,SUSC,       8,SUSC,       8,SUSC,       8,SUSC,≤     0.5,SUSC,≤     0.5,SUSC,≤     0.5,SUSC,       1,SUSC,≤     0.5,NOINTP,≤    0.06,SUSC,≤     0.5,SUSC,≤    0.12,SUSC,       1,NOINTP,       2,SUSC,≤     0.5,SUSC,≤     0.5,SUSC,,,       4,SUSC,      32,NOINTP,≤    0.25,SUSC,≤       1,SUSC,≤     0.5,SUSC
SRR20168770,18/0475,18-0475,≤       2,SUSC,       4,SUSC,       4,SUSC,       4,SUSC,≤     0.5,SUSC,≤     0.5,SUSC,≤     0.5,SUSC,≤     0.5,SUSC,≤     0.5,NOINTP,≤    0.06,SUSC,≤     0.5,SUSC,≤    0.12,SUSC,≤     0.5,NOINTP,≤     0.5,SUSC,≤     0.5,SUSC,≤     0.12,SUSC,≤       2,SUSC,       2,SUSC,       4,NOINTP,     0.5,SUSC,≤       1,SUSC,≤     0.5,SUSC
SRR20168768,18/0609,18-0609,       4,SUSC,       4,SUSC,       4,SUSC,       4,SUSC,≤     0.5,SUSC,≤     0.5,SUSC,≤     0.5,SUSC,≤     0.5,SUSC,≤     0.5,NOINTP,≤    0.06,SUSC,      0.5,SUSC,≤    0.12,SUSC,≤     0.5,NOINTP,       1,SUSC,≤     0.5,SUSC,≤     0.12,SUSC,≤       2,SUSC,       2,SUSC,       8,NOINTP,     0.5,SUSC,≤       1,SUSC,≤     0.5,SUSC
SRR20168767,18/0654,18-0654,       4,SUSC, >      32,RESIST, >      64,RESIST,      16,INTERM,≤     0.5,SUSC,≤     0.5,SUSC,≤     0.5,SUSC,≤     0.5,SUSC,≤     0.5,NOINTP,≤    0.06,SUSC,≤     0.5,SUSC,≤    0.12,SUSC,≤     0.5,NOINTP,≤     0.5,SUSC,≤     0.5,SUSC,≤     0.5,SUSC,,,      64,RESIST,      16,NOINTP,     0.5,SUSC,≤       1,SUSC, >      32,RESIST
SRR20168766,18/0664,18-0664,≤       2,SUSC,       4,SUSC,       4,SUSC,       4,SUSC,≤     0.5,SUSC,≤     0.5,SUSC,≤     0.5,SUSC,≤     0.5,SUSC,≤     0.5,NOINTP,≤    0.06,SUSC,≤       1,SUSC,≤    0.12,SUSC,≤     0.5,NOINTP,≤     0.5,SUSC,≤     0.5,SUSC,≤     0.12,SUSC,≤       2,SUSC,≤       1,SUSC,       4,NOINTP,≤    0.25,SUSC,≤       1,SUSC,≤     0.5,SUSC
SRR20168765,18/0665,18-0665,≤       2,SUSC,       4,SUSC,       4,SUSC,       4,SUSC,≤     0.5,SUSC,≤     0.5,SUSC,≤     0.5,SUSC,≤     0.5,SUSC,≤     0.5,NOINTP,       2,RESIST,      0.5,SUSC,≤    0.12,SUSC,≤     0.5,NOINTP,       1,SUSC,≤     0.5,SUSC,≤     0.12,SUSC,       4,SUSC,       4,SUSC,       8,NOINTP,       1,SUSC,≤       1,SUSC,≤     0.5,SUSC
SRR20168764,18/0702,18-0702,≤       2,SUSC, >      32,RESIST,       4,SUSC,       4,SUSC,≤     0.5,SUSC,≤     0.5,SUSC,≤     0.5,SUSC,≤     0.5,SUSC,≤     0.5,NOINTP,≤    0.06,SUSC,      0.5,SUSC,≤    0.12,SUSC,≤     0.5,NOINTP,       1,SUSC,≤     0.5,SUSC,≤     0.12,SUSC, >      32,RESIST,≤       1,SUSC,       4,NOINTP,≤    0.25,SUSC,≤       1,SUSC,≤     0.5,SUSC
SRR20168763,18/0703,18-0703,≤       2,SUSC, >      32,RESIST,      16,RESIST,       8,SUSC,≤     0.5,SUSC,≤     0.5,SUSC,≤     0.5,SUSC,≤     0.5,SUSC,≤     0.5,NOINTP,      16,RESIST,≤     0.5,SUSC,≤    0.12,SUSC,≤     0.5,NOINTP, >       8,RESIST,≤     0.5,SUSC,≤     0.5,SUSC,,,≤       1,SUSC,       8,NOINTP,≤    0.25,SUSC,       4,INTER, >      32,RESIST
SRR20168762,18/0747,18-0747,≤       2,SUSC,       4,SUSC,       4,SUSC,       4,SUSC,≤     0.5,SUSC,≤     0.5,SUSC,≤     0.5,SUSC,≤     0.5,SUSC,≤     0.5,NOINTP,≤    0.06,SUSC,≤     0.5,SUSC,≤    0.12,SUSC,≤     0.5,NOINTP,≤     0.5,SUSC,≤     0.5,SUSC,≤     0.12,SUSC,≤       2,SUSC,≤       2,SUSC,       4,NOINTP,≤    0.25,SUSC,≤       1,SUSC, ≤    0.5,SUSC
SRR20168677,18/0755,18-0755,       4,SUSC, >      32,RESIST,      64,RESIST,      16,INTERM,≤     0.5,SUSC,≤     0.5,SUSC,≤     0.5,SUSC,≤     0.5,SUSC,≤     0.5,NOINTP,       4,RESIST,≤     0.5,SUSC,≤    0.12,SUSC,≤     0.5,NOINTP,       1,SUSC,       1,SUSC,≤     0.5,SUSC,,,≤       1,SUSC,       4,NOINTP,     0.5,SUSC,≤       1,SUSC, >      32,RESIST
SRR20168676,18/0758,18-0758,≤       2,SUSC,       2,SUSC,       2,SUSC,       2,SUSC,≤     0.5,SUSC,≤     0.5,SUSC,≤     0.5,SUSC,≤     0.5,SUSC,≤     0.5,NOINTP,    0.25,SUSC,      0.5,SUSC,≤    0.12,SUSC,≤     0.5,NOINTP,≤     0.5,SUSC,≤     0.5,SUSC,≤     0.12,SUSC,≤       2,SUSC,       2,SUSC,       8,NOINTP,     0.5,SUSC,≤       1,SUSC,≤     0.5,SUSC
SRR20168675,18/0771,18-0771,       4,SUSC, >      32,RESIST,      64,RESIST,      16,INTERM,      32,RESIST,       8,RESIST, >       8,RESIST,      16,RESIST,≤     0.5,NOINTP, >      16,RESIST,≤     0.5,SUSC,≤    0.12,SUSC,       1,NOINTP,≤     0.5,SUSC,≤     0.5,SUSC,≤     0.5,SUSC,,,       8,SUSC,       8,NOINTP,     0.5,SUSC, >      16,RESIST, >      32,RESIST
SRR20168673,18/0815,18-0815,≤       2,SUSC, >      32,RESIST,      32,RESIST,      16,INTERM,≤     0.5,SUSC,≤     0.5,SUSC,≤     0.5,SUSC,≤     0.5,SUSC,≤     0.5,NOINTP,≤    0.06,SUSC,≤     0.5,SUSC,≤    0.12,SUSC,≤     0.5,NOINTP,       1,SUSC,≤     0.5,SUSC,≤     0.5,SUSC,,,       2,SUSC,       8,NOINTP,       1,SUSC,       2,SUSC, >      32,RESIST
SRR20168672,18/0932,18-0932,≤       2,SUSC, >      32,RESIST,      32,RESIST,      16,INTERM,      16,RESIST,      16,RESIST, >       8,RESIST,       4,INTER,≤     0.5,NOINTP,≤    0.06,SUSC,≤     0.5,SUSC,≤    0.12,SUSC,       1,NOINTP,       1,SUSC,≤     0.5,SUSC,≤     0.5,SUSC,,,       2,SUSC,       4,NOINTP,     0.5,SUSC,≤       1,SUSC,≤     0.5,SUSC
SRR20168671,18/0974,18-0974,       4,SUSC,       4,SUSC,       4,SUSC,       4,SUSC,≤     0.5,SUSC,≤     0.5,SUSC,≤     0.5,SUSC,≤     0.5,SUSC,≤     0.5,NOINTP,≤    0.06,SUSC,      0.5,SUSC,≤    0.12,SUSC,≤     0.5,NOINTP,≤     0.5,SUSC,≤     0.5,SUSC,≤     0.12,SUSC,≤       2,SUSC,       2,SUSC,       4,NOINTP,     0.5,SUSC,≤       1,SUSC,≤     0.5,SUSC
SRR20168670,18/0978,18-0978,       8,SUSC,       8,SUSC,       4,SUSC,       4,SUSC,≤     0.5,SUSC,≤     0.5,SUSC,≤     0.5,SUSC,≤     0.5,SUSC,≤     0.5,NOINTP,≤    0.06,SUSC,      0.5,SUSC,≤    0.12,SUSC,≤     0.5,NOINTP,       2,SUSC,≤     0.5,SUSC,≤     0.12,SUSC,       4,SUSC,       2,SUSC,       8,NOINTP,     0.5,SUSC,≤       1,SUSC,≤     0.5,SUSC
SRR20168669,18/1081,18-1081,       4,SUSC, >      32,RESIST,       8,SUSC,       8,SUSC,≤     0.5,SUSC,≤     0.5,SUSC,≤     0.5,SUSC,≤     0.5,SUSC,≤     0.5,NOINTP,≤    0.06,SUSC,≤     0.5,SUSC,≤    0.12,SUSC,≤     0.5,NOINTP,       1,SUSC,≤     0.5,SUSC,≤     0.5,SUSC,,,≤       1,SUSC,       4,NOINTP,≤    0.25,SUSC,≤       1,SUSC, >      32,RESIST
SRR20168668,18/1121,18-1121,≤       2,SUSC, >      32,RESIST,      16,RESIST,       8,SUSC,≤     0.5,SUSC,≤     0.5,SUSC,≤     0.5,SUSC,≤     0.5,SUSC,≤     0.5,NOINTP,≤    0.06,SUSC,≤     0.5,SUSC,≤    0.12,SUSC,≤     0.5,NOINTP,≤     0.5,SUSC,≤     0.5,SUSC,≤     0.5,SUSC,,,       2,SUSC,       8,NOINTP,     0.5,SUSC,≤       1,SUSC,≤     0.5,SUSC
SRR20168667,18/1193,18-1193,≤       2,SUSC, >      32,RESIST, >      64,RESIST,      32,RESIST,≤     0.5,SUSC,≤     0.5,SUSC,≤     0.5,SUSC,≤     0.5,SUSC,≤     0.5,NOINTP,≤    0.06,SUSC,≤     0.5,SUSC,≤    0.12,SUSC,≤     0.5,NOINTP, >       8,RESIST,≤     0.5,SUSC,≤     0.5,SUSC,,,       8,SUSC,       8,NOINTP,     0.5,SUSC,       4,INTER, >      32,RESIST
SRR20168666,18/1198,18-1198,≤       2,SUSC, >      32,RESIST,      32,RESIST,       8,SUSC,≤     0.5,SUSC,≤     0.5,SUSC,≤     0.5,SUSC,≤     0.5,SUSC,≤     0.5,NOINTP,≤    0.06,SUSC,≤     0.5,SUSC,≤    0.12,SUSC,≤     0.5,NOINTP,≤     0.5,SUSC,≤     0.5,SUSC,≤     0.5,SUSC,,,≤       1,SUSC,       4,NOINTP,     0.5,SUSC,≤       1,SUSC, >      32,RESIST
SRR20168665,18/1238,18-1238,≤       2,SUSC, >      32,RESIST,      16,RESIST,       8,SUSC,≤     0.5,SUSC,≤     0.5,SUSC,≤     0.5,SUSC,≤     0.5,SUSC,≤     0.5,NOINTP, >      16,RESIST,≤     0.5,SUSC,≤    0.12,SUSC,≤     0.5,NOINTP,≤     0.5,SUSC,≤     0.5,SUSC,≤     0.5,SUSC,,,       2,SUSC,       8,NOINTP,       1,SUSC,≤       1,SUSC, >      32,RESIST
SRR20168664,18/1285,18-1285,≤       2,SUSC,       2,SUSC,       2,SUSC,       4,SUSC,≤     0.5,SUSC,≤     0.5,SUSC,≤     0.5,SUSC,≤     0.5,SUSC,≤     0.5,NOINTP,       8,RESIST,      0.5,SUSC,≤    0.12,SUSC,≤     0.5,NOINTP,≤     0.5,SUSC,≤     0.5,SUSC,≤       1,SUSC,≤       2,SUSC,       2,SUSC,       8,NOINTP,     0.5,SUSC,≤       1,SUSC,≤     0.5,SUSC
SRR20168662,18/1310,18-1310,≤       2,SUSC,       8,SUSC,       4,SUSC,       4,SUSC,≤     0.5,SUSC,≤     0.5,SUSC,≤     0.5,SUSC,≤     0.5,SUSC,≤     0.5,NOINTP,≤    0.06,SUSC,      0.5,SUSC,≤    0.12,SUSC,≤     0.5,NOINTP,≤     0.5,SUSC,≤     0.5,SUSC,≤     0.12,SUSC,≤       2,SUSC,≤       1,SUSC,       8,NOINTP,       1,SUSC,≤       1,SUSC,≤     0.5,SUSC
SRR20168661,18/1323,18-1323,≤       2,SUSC,       8,SUSC,       4,SUSC,       4,SUSC,≤     0.5,SUSC,≤     0.5,SUSC,≤     0.5,SUSC,≤     0.5,SUSC,≤     0.5,NOINTP,≤    0.06,SUSC,      0.5,SUSC,≤    0.12,SUSC,≤     0.5,NOINTP,       1,SUSC,≤     0.5,SUSC,≤     0.12,SUSC,≤       2,SUSC,       2,SUSC,       8,NOINTP,     0.5,SUSC,≤       1,SUSC,≤     0.5,SUSC
SRR20168660,18/1333,18-1333,≤       2,SUSC, >      32,RESIST,       8,SUSC,       8,SUSC,≤     0.5,SUSC,≤     0.5,SUSC,≤     0.5,SUSC,≤     0.5,SUSC,≤     0.5,NOINTP,       1,INTER,≤     0.5,SUSC,≤    0.12,SUSC,≤     0.5,NOINTP,       1,SUSC,≤     0.5,SUSC,≤     0.5,SUSC,,,       2,SUSC,       4,NOINTP,≤    0.25,SUSC,≤       1,SUSC, >      32,RESIST
SRR20168659,18/1370,18-1370,≤       2,SUSC, >      32,RESIST,      64,RESIST,      16,INTERM,≤     0.5,SUSC,≤     0.5,SUSC,≤     0.5,SUSC,≤     0.5,SUSC,≤     0.5,NOINTP, >      16,RESIST,≤     0.5,SUSC,≤    0.12,SUSC,≤     0.5,NOINTP,       1,SUSC,≤     0.5,SUSC,≤     0.5,SUSC,,,      16,INTER,       8,NOINTP,     0.5,SUSC,≤       1,SUSC,≤     0.5,SUSC
SRR20168658,18/1374,18-1374,≤       2,SUSC,       4,SUSC,       4,SUSC,       4,SUSC,≤     0.5,SUSC,≤     0.5,SUSC,≤     0.5,SUSC,≤     0.5,SUSC,≤     0.5,NOINTP,≤    0.06,SUSC,      0.5,SUSC,≤    0.12,SUSC,≤     0.5,NOINTP,       1,SUSC,≤     0.5,SUSC,≤     0.12,SUSC,≤       2,SUSC,       2,SUSC,       4,NOINTP,     0.5,SUSC,≤       1,SUSC,≤     0.5,SUSC
SRR20168657,18/1386,18-1386,       4,SUSC,       4,SUSC,       4,SUSC,       4,SUSC,≤     0.5,SUSC,≤     0.5,SUSC,≤     0.5,SUSC,≤     0.5,SUSC,≤     0.5,NOINTP,≤    0.06,SUSC,      0.5,SUSC,≤    0.12,SUSC,≤     0.5,NOINTP,       1,SUSC,≤     0.5,SUSC,≤     0.12,SUSC,≤       2,SUSC,≤       2,SUSC,       4,NOINTP,≤    0.25,SUSC,       2,SUSC,≤     0.5,SUSC
SRR20168656,18/1414,18-1414,≤       2,SUSC, >      32,RESIST,      16,RESIST,       8,SUSC,≤     0.5,SUSC,≤     0.5,SUSC,≤     0.5,SUSC,≤     0.5,SUSC,≤     0.5,NOINTP,≤    0.06,SUSC,≤     0.5,SUSC,≤    0.12,SUSC,≤     0.5,NOINTP,       1,SUSC,≤     0.5,SUSC,≤     0.5,SUSC,,,≤       1,SUSC,       4,NOINTP,     0.5,SUSC,≤       1,SUSC,≤     0.5,SUSC
SRR20168655,18/1439,18-1439,≤       2,SUSC, >      32,RESIST, >      64,RESIST,      32,RESIST,≤     0.5,SUSC,≤     0.5,SUSC,≤     0.5,SUSC,≤     0.5,SUSC,≤     0.5,NOINTP,     0.5,SUSC,≤     0.5,SUSC,≤    0.12,SUSC,≤     0.5,NOINTP,≤     0.5,SUSC,≤     0.5,SUSC,≤     0.5,SUSC,,,      32,RESIST,       8,NOINTP,≤    0.25,SUSC,≤       1,SUSC,≤     0.5,SUSC
SRR20168654,18/1449,18-1449,≤       2,SUSC, >      32,RESIST,       8,SUSC,       8,SUSC,≤     0.5,SUSC,≤     0.5,SUSC,≤     0.5,SUSC,≤     0.5,SUSC,≤     0.5,NOINTP,≤    0.06,SUSC,≤     0.5,SUSC,≤    0.12,SUSC,≤     0.5,NOINTP,       1,SUSC,≤     0.5,SUSC,≤     0.5,SUSC,,,≤       1,SUSC,       4,NOINTP,       2,INTER,≤       1,SUSC, >      32,RESIST
SRR20168653,18/1469,18-1469,       4,SUSC,       8,SUSC,       4,SUSC,       8,SUSC,≤     0.5,SUSC,≤     0.5,SUSC,≤     0.5,SUSC,≤     0.5,SUSC,≤     0.5,NOINTP,     0.5,SUSC,      0.5,SUSC,≤    0.12,SUSC,≤     0.5,NOINTP,       4,INTER,≤     0.5,SUSC,≤     0.12,SUSC,≤       2,SUSC,       4,SUSC,       8,NOINTP,       1,SUSC,≤       1,SUSC,≤     0.5,SUSC
SRR20168650,18/1887,18-1887,≤       2,SUSC, >      32,RESIST,       8,SUSC,       8,SUSC,≤     0.5,SUSC,≤     0.5,SUSC,≤     0.5,SUSC,≤     0.5,SUSC,≤     0.5,NOINTP,≤    0.06,SUSC,≤     0.5,SUSC,≤    0.12,SUSC,≤     0.5,NOINTP,≤     0.5,SUSC,≤     0.5,SUSC,≤     0.5,SUSC,,,       2,SUSC,       4,NOINTP,≤    0.25,SUSC,≤       1,SUSC, >      32,RESIST
SRR20168733,85/0056,85-056,≤       2,SUSC,       4,SUSC,       2,SUSC,       4,SUSC,≤     0.5,SUSC,≤     0.5,SUSC,≤     0.5,SUSC,≤     0.5,SUSC,≤     0.5,NOINTP,≤    0.06,SUSC,≤     0.5,SUSC,≤    0.12,SUSC,≤     0.5,NOINTP,       1,SUSC,≤     0.5,SUSC,≤     0.5,SUSC,,,       2,SUSC,       4,NOINTP,≤    0.25,SUSC,≤       1,SUSC,≤     0.5,SUSC
SRR20168732,85/0143,85-143,≤       2,SUSC,       8,SUSC,       8,SUSC,       8,SUSC,≤     0.5,SUSC,≤     0.5,SUSC,≤     0.5,SUSC,≤     0.5,SUSC,≤     0.5,NOINTP,≤    0.06,SUSC,≤     0.5,SUSC,≤    0.12,SUSC,≤     0.5,NOINTP,≤     0.5,SUSC,≤     0.5,SUSC,≤     0.5,SUSC,,,       2,SUSC,       8,NOINTP,≤    0.25,SUSC,≤       1,SUSC,≤     0.5,SUSC
SRR20168731,85/0242,85-242,≤       2,SUSC,       4,SUSC,       2,SUSC,       4,SUSC,≤     0.5,SUSC,≤     0.5,SUSC,≤     0.5,SUSC,≤     0.5,SUSC,≤     0.5,NOINTP,≤    0.06,SUSC,≤     0.5,SUSC,≤    0.12,SUSC,≤     0.5,NOINTP,       1,SUSC,≤     0.5,SUSC,≤     0.5,SUSC,,,       2,SUSC,       8,NOINTP,≤    0.25,SUSC,       2,SUSC, >      32,RESIST
SRR20168730,85/0286,85-286,≤       2,SUSC,       4,SUSC,       2,SUSC,       2,SUSC,≤     0.5,SUSC,≤     0.5,SUSC,≤     0.5,SUSC,≤     0.5,SUSC,≤     0.5,NOINTP,≤    0.06,SUSC,≤     0.5,SUSC,≤    0.12,SUSC,≤     0.5,NOINTP,       1,SUSC,≤     0.5,SUSC,≤     0.5,SUSC,,,≤       1,SUSC,       8,NOINTP,≤    0.25,SUSC,≤       1,SUSC,≤     0.5,SUSC
SRR20168729,85/0324,85-324,≤       2,SUSC,       8,SUSC,       8,SUSC,       8,SUSC,≤     0.5,SUSC,≤     0.5,SUSC,≤     0.5,SUSC,≤     0.5,SUSC,≤     0.5,NOINTP,≤    0.06,SUSC,≤     0.5,SUSC,≤    0.12,SUSC,≤     0.5,NOINTP,       2,SUSC,≤     0.5,SUSC,≤     0.5,SUSC,,,       4,SUSC,       8,NOINTP,≤    0.25,SUSC,≤       1,SUSC,≤     0.5,SUSC
SRR20168728,85/0346,85-346,       4,SUSC,       4,SUSC,       4,SUSC,       4,SUSC,≤     0.5,SUSC,≤     0.5,SUSC,≤     0.5,SUSC,≤     0.5,SUSC,≤     0.5,NOINTP,≤    0.06,SUSC,≤     0.5,SUSC,≤    0.12,SUSC,≤     0.5,NOINTP,       1,SUSC,≤     0.5,SUSC,≤     0.5,SUSC,,,       2,SUSC,       4,NOINTP,≤    0.25,SUSC,≤       1,SUSC, >      32,RESIST
SRR20168727,85/0406,85-406,≤       2,SUSC, >      32,RESIST,      64,RESIST,      16,INTERM,≤     0.5,SUSC,≤     0.5,SUSC,≤     0.5,SUSC,≤     0.5,SUSC,≤     0.5,NOINTP,≤    0.06,SUSC,≤     0.5,SUSC,≤    0.12,SUSC,≤     0.5,NOINTP,       1,SUSC,≤     0.5,SUSC,≤     0.5,SUSC,,,≤       1,SUSC,       2,NOINTP,≤    0.25,SUSC,≤       1,SUSC, >      32,RESIST
SRR20168726,85/0456,85-456,       4,SUSC, >      32,RESIST,      16,RESIST,       8,SUSC,≤     0.5,SUSC,≤     0.5,SUSC,≤     0.5,SUSC,≤     0.5,SUSC,≤     0.5,NOINTP,≤    0.06,SUSC,≤     0.5,SUSC,≤    0.12,SUSC,≤     0.5,NOINTP,       2,SUSC,≤     0.5,SUSC,≤     0.5,SUSC,,,≤       1,SUSC,       4,NOINTP,≤    0.25,SUSC,       2,SUSC,≤     0.5,SUSC
SRR20168725,85/0462,85-462,       4,SUSC, >      32,RESIST,      16,RESIST,      16,INTERM,≤     0.5,SUSC,≤     0.5,SUSC,≤     0.5,SUSC,≤     0.5,SUSC,≤     0.5,NOINTP,≤    0.06,SUSC,≤     0.5,SUSC,≤    0.12,SUSC,≤     0.5,NOINTP,       2,SUSC,≤     0.5,SUSC,≤     0.5,SUSC,,,≤       1,SUSC,       8,NOINTP,≤    0.25,SUSC,≤       1,SUSC,≤     0.5,SUSC
SRR20168723,85/0481,85-481,≤       2,SUSC,       8,SUSC,       8,SUSC,       8,SUSC,≤     0.5,SUSC,≤     0.5,SUSC,≤     0.5,SUSC,≤     0.5,SUSC,≤     0.5,NOINTP,≤    0.06,SUSC,≤     0.5,SUSC,≤    0.12,SUSC,≤     0.5,NOINTP,       1,SUSC,≤     0.5,SUSC,≤     0.5,SUSC,,,       2,SUSC,       4,NOINTP,≤    0.25,SUSC,≤       1,SUSC,≤     0.5,SUSC
SRR20168722,90/0036,90-036,≤       2,SUSC, >      32,RESIST,      64,RESIST,      16,INTERM,≤     0.5,SUSC,≤     0.5,SUSC,≤     0.5,SUSC,≤     0.5,SUSC,≤     0.5,NOINTP,≤    0.06,SUSC,≤     0.5,SUSC,≤    0.12,SUSC,≤     0.5,NOINTP,       1,SUSC,≤     0.5,SUSC,≤     0.5,SUSC,,,       4,SUSC,       4,NOINTP,≤    0.25,SUSC,≤       1,SUSC,≤     0.5,SUSC
SRR20168721,90/0065,90-065,≤       2,SUSC, >      32,RESIST,      32,RESIST,      16,INTERM,≤     0.5,SUSC,≤     0.5,SUSC,≤     0.5,SUSC,≤     0.5,SUSC,≤     0.5,NOINTP,≤    0.06,SUSC,≤     0.5,SUSC,≤    0.12,SUSC,≤     0.5,NOINTP,≤     0.5,SUSC,≤     0.5,SUSC,≤     0.5,SUSC,,,       2,SUSC,       8,NOINTP,≤    0.25,SUSC,≤       1,SUSC,≤     0.5,SUSC
SRR20168720,90/0105,90-105,≤       2,SUSC,       4,SUSC,       4,SUSC,       4,SUSC,≤     0.5,SUSC,≤     0.5,SUSC,≤     0.5,SUSC,≤     0.5,SUSC,≤     0.5,NOINTP,≤    0.06,SUSC,≤     0.5,SUSC,≤    0.12,SUSC,≤     0.5,NOINTP,       1,SUSC,≤     0.5,SUSC,≤     0.5,SUSC,,,       2,SUSC,       4,NOINTP,≤    0.25,SUSC,≤       1,SUSC,≤     0.5,SUSC
SRR20168719,90/0145,90-145,       4,SUSC,       4,SUSC,       4,SUSC,       4,SUSC,≤     0.5,SUSC,≤     0.5,SUSC,≤     0.5,SUSC,≤     0.5,SUSC,≤     0.5,NOINTP,≤    0.06,SUSC,≤     0.5,SUSC,≤    0.12,SUSC,≤     0.5,NOINTP,       1,SUSC,≤     0.5,SUSC,≤     0.5,SUSC,,,≤       1,SUSC,       8,NOINTP,≤    0.25,SUSC,≤       1,SUSC,≤     0.5,SUSC
SRR20168717,90/0252,90-252,≤       2,SUSC, >      32,RESIST,      32,RESIST,      16,INTERM,≤     0.5,SUSC,≤     0.5,SUSC,≤     0.5,SUSC,≤     0.5,SUSC,≤     0.5,NOINTP,       1,INTER,       1,SUSC,≤    0.12,SUSC,≤     0.5,NOINTP,≤     0.5,SUSC,≤     0.5,SUSC,≤     0.5,SUSC,,,       8,SUSC,       8,NOINTP,     0.5,SUSC,≤       1,SUSC,       2,SUSC
SRR20168716,90/0296,90-296,≤       2,SUSC,       4,SUSC,       4,SUSC,       4,SUSC,≤     0.5,SUSC,≤     0.5,SUSC,≤     0.5,SUSC,≤     0.5,SUSC,≤     0.5,NOINTP,≤    0.06,SUSC,≤     0.5,SUSC,≤    0.12,SUSC,≤     0.5,NOINTP,       1,SUSC,≤     0.5,SUSC,≤     0.5,SUSC,,,       2,SUSC,       4,NOINTP,≤    0.25,SUSC,≤       1,SUSC,≤     0.5,SUSC
SRR20168715,90/0346,90-346,≤       2,SUSC, >      32,RESIST,       8,SUSC,       8,SUSC,≤     0.5,SUSC,≤     0.5,SUSC,≤     0.5,SUSC,≤     0.5,SUSC,≤     0.5,NOINTP,≤    0.06,SUSC,≤     0.5,SUSC,≤    0.12,SUSC,≤     0.5,NOINTP,≤     0.5,SUSC,≤     0.5,SUSC,≤     0.5,SUSC,,,       2,SUSC,       4,NOINTP,≤    0.25,SUSC,≤       1,SUSC,≤     0.5,SUSC
SRR20168714,90/0378,90-378,       4,SUSC,       4,SUSC,       4,SUSC,       4,SUSC,≤     0.5,SUSC,≤     0.5,SUSC,≤     0.5,SUSC,≤     0.5,SUSC,≤     0.5,NOINTP,≤    0.06,SUSC,≤     0.5,SUSC,≤    0.12,SUSC,≤     0.5,NOINTP,       1,SUSC,≤     0.5,SUSC,≤     0.5,SUSC,,,       2,SUSC,       8,NOINTP,≤    0.25,SUSC,≤       1,SUSC,≤     0.5,SUSC
SRR20168712,90/0433,90-433,≤       2,SUSC,       8,SUSC,       4,SUSC,       4,SUSC,≤     0.5,SUSC,≤     0.5,SUSC,≤     0.5,SUSC,≤     0.5,SUSC,≤     0.5,NOINTP,≤    0.06,SUSC,       1,SUSC,≤    0.12,SUSC,≤     0.5,NOINTP,≤     0.5,SUSC,≤     0.5,SUSC,≤     0.5,SUSC,,,       4,SUSC,       8,NOINTP,     0.5,SUSC,≤       1,SUSC,≤     0.5,SUSC
SRR20168711,90/0454,90-454,≤       2,SUSC,      32,RESIST,      32,RESIST,      16,INTERM,≤     0.5,SUSC,≤     0.5,SUSC,≤     0.5,SUSC,≤     0.5,SUSC,≤     0.5,NOINTP,≤    0.06,SUSC,≤     0.5,SUSC,≤    0.12,SUSC,≤     0.5,NOINTP,≤     0.5,SUSC,≤     0.5,SUSC,≤     0.5,SUSC,,,       2,SUSC,       4,NOINTP,≤    0.25,SUSC,≤       1,SUSC, >      32,RESIST
SRR20168710,95/0097,95-097,≤       2,SUSC, >      32,RESIST,      16,RESIST,       8,SUSC,≤     0.5,SUSC,≤     0.5,SUSC,≤     0.5,SUSC,≤     0.5,SUSC,≤     0.5,NOINTP,≤    0.06,SUSC,≤     0.5,SUSC,≤    0.12,SUSC,≤     0.5,NOINTP,≤     0.5,SUSC,≤     0.5,SUSC,≤     0.5,SUSC,,,       2,SUSC,       8,NOINTP,≤    0.25,SUSC,       2,SUSC,≤     0.5,SUSC
SRR20168709,95/0150,95-150,≤       2,SUSC,       8,SUSC,       8,SUSC,       4,SUSC,≤     0.5,SUSC,≤     0.5,SUSC,≤     0.5,SUSC,≤     0.5,SUSC,≤     0.5,NOINTP,≤    0.06,SUSC,       1,SUSC,≤    0.12,SUSC,≤     0.5,NOINTP,≤     0.5,SUSC,≤     0.5,SUSC,≤     0.5,SUSC,,,       4,SUSC,       8,NOINTP,≤    0.25,SUSC,≤       1,SUSC,≤     0.5,SUSC
SRR20168708,95/0253,95-253,       4,SUSC, >      32,RESIST,      64,RESIST,      16,INTERM,≤     0.5,SUSC,≤     0.5,SUSC,≤     0.5,SUSC,≤     0.5,SUSC,≤     0.5,NOINTP,≤    0.06,SUSC,≤     0.5,SUSC,≤    0.12,SUSC,≤     0.5,NOINTP,       1,SUSC,≤     0.5,SUSC,≤     0.5,SUSC,,,       4,SUSC,      16,NOINTP,≤    0.25,SUSC,≤       1,SUSC, >      32,RESIST
SRR20168707,95/0290,95-290,≤       2,SUSC,       4,SUSC,       4,SUSC,       4,SUSC,≤     0.5,SUSC,       2,INTER,≤     0.5,SUSC,≤     0.5,SUSC,≤     0.5,NOINTP,≤    0.06,SUSC,       1,SUSC,≤    0.12,SUSC,≤     0.5,NOINTP,       1,SUSC,≤     0.5,SUSC,≤     0.5,SUSC,,,≤       1,SUSC,       2,NOINTP,≤    0.25,SUSC,≤       1,SUSC,≤     0.5,SUSC
SRR20168706,95/0333,95-333,≤       2,SUSC, >      32,RESIST,      16,RESIST,       8,SUSC,≤     0.5,SUSC,≤     0.5,SUSC,≤     0.5,SUSC,≤     0.5,SUSC,≤     0.5,NOINTP,≤    0.06,SUSC,≤     0.5,SUSC,≤    0.12,SUSC,≤     0.5,NOINTP,       1,SUSC,≤     0.5,SUSC,≤     0.5,SUSC,,,≤       1,SUSC,       4,NOINTP,≤    0.25,SUSC,≤       1,SUSC,≤     0.5,SUSC
SRR20168621,95/0391,95-391,       4,SUSC, >      32,RESIST,      16,RESIST,       8,SUSC,≤     0.5,SUSC,≤     0.5,SUSC,≤     0.5,SUSC,≤     0.5,SUSC,≤     0.5,NOINTP,≤    0.06,SUSC,≤     0.5,SUSC,≤    0.12,SUSC,≤     0.5,NOINTP,       1,SUSC,≤     0.5,SUSC,≤     0.5,SUSC,,,       2,SUSC,       4,NOINTP,≤    0.25,SUSC,≤       1,SUSC, >      32,RESIST
SRR20168620,95/0395,95-395,≤       2,SUSC,       8,SUSC,       4,SUSC,       4,SUSC,≤     0.5,SUSC,≤     0.5,SUSC,≤     0.5,SUSC,≤     0.5,SUSC,≤     0.5,NOINTP,≤    0.06,SUSC,≤     0.5,SUSC,≤    0.12,SUSC,≤     0.5,NOINTP,≤     0.5,SUSC,≤     0.5,SUSC,≤     0.5,SUSC,,,       2,SUSC,       4,NOINTP,≤    0.25,SUSC,≤       1,SUSC,≤     0.5,SUSC
SRR20168619,95/0424,95-424,≤       2,SUSC,       8,SUSC,       8,SUSC,       8,SUSC,≤     0.5,SUSC,≤     0.5,SUSC,≤     0.5,SUSC,≤     0.5,SUSC,≤     0.5,NOINTP,≤    0.06,SUSC,≤     0.5,SUSC,≤    0.12,SUSC,≤     0.5,NOINTP,       1,SUSC,≤     0.5,SUSC,≤     0.5,SUSC,,,       2,SUSC,       8,NOINTP,≤    0.25,SUSC,≤       1,SUSC,       4,INTER
SRR20168617,95/0477,95-477,≤       2,SUSC,       4,SUSC,       4,SUSC,       4,SUSC,≤     0.5,SUSC,≤     0.5,SUSC,≤     0.5,SUSC,≤     0.5,SUSC,≤     0.5,NOINTP,≤    0.06,SUSC,       1,SUSC,≤    0.12,SUSC,≤     0.5,NOINTP,≤     0.5,SUSC,≤     0.5,SUSC,≤     0.5,SUSC,,,       2,SUSC,       4,NOINTP,≤    0.25,SUSC,≤       1,SUSC,≤     0.5,SUSC
SRR20168616,95/0533,95-533,≤       2,SUSC,       4,SUSC,       4,SUSC,       4,SUSC,≤     0.5,SUSC,≤     0.5,SUSC,≤     0.5,SUSC,≤     0.5,SUSC,≤     0.5,NOINTP,≤    0.06,SUSC,≤     0.5,SUSC,≤    0.12,SUSC,≤     0.5,NOINTP,≤     0.5,SUSC,≤     0.5,SUSC,≤     0.5,SUSC,,,       2,SUSC,       8,NOINTP,≤    0.25,SUSC,≤       1,SUSC,≤     0.5,SUSC
SRR20168615,95/0561,95-561,≤       2,SUSC, >      32,RESIST,      32,RESIST,      16,INTERM,≤     0.5,SUSC,≤     0.5,SUSC,≤     0.5,SUSC,≤     0.5,SUSC,≤     0.5,NOINTP,≤    0.06,SUSC,≤     0.5,SUSC,≤    0.12,SUSC,≤     0.5,NOINTP,       1,SUSC,≤     0.5,SUSC,≤     0.5,SUSC,,,       4,SUSC,      64,NOINTP,≤    0.25,SUSC,≤       1,SUSC,≤     0.5,SUSC
